width,height,food_class_idx,food_weight,user_age,user_weight,activity_level,kalori,protein,lemak
308,478,9,157.6414531558306,25,70,1.5,417.74985086295106,14.187730784024753,5.044526500986579
499,57,7,275.70414252686965,50,70,1.5,689.2603563171741,71.68307705698611,41.355621379030445
422,222,9,55.604829413179495,30,60,1.2,147.35279794492567,5.004434647186154,1.779354541221744
289,79,6,74.68533646523136,30,80,2.0,115.76227152110862,9.709093740480077,8.21538701117545
452,147,8,216.9881144584231,25,60,2.0,91.1350080725377,7.3775958915863855,2.169881144584231
74,346,8,137.39130896288373,50,90,2.0,57.70434976441116,4.671304504738047,1.3739130896288374
122,313,10,246.0275830092701,40,75,2.0,989.0308836972657,61.506895752317526,81.18910239305914
345,141,0,94.07563155128658,30,70,1.5,122.29832101667256,2.3518907887821645,0.28222689465385975
425,445,3,148.882855962012,50,80,2.0,306.6986832817447,32.75422831164264,17.865942715441438
243,433,3,180.53619191796636,50,75,1.5,371.90455535101074,39.7179622219526,21.664343030155962
375,177,7,221.4105541676189,36,70,1.75,553.5263854190473,57.566744083580915,33.21158312514283
137,458,1,62.073007133294816,40,75,1.2,148.3544870485746,16.759711925989603,8.690220998661275
331,140,0,64.69908523308575,40,90,1.2,84.10881080301148,1.6174771308271438,0.19409725569925726
316,455,9,66.84377036965812,25,80,1.5,177.135991479594,6.01593933326923,2.13900065182906
363,266,4,166.8607740506814,50,60,1.2,41.71519351267035,3.003493932912266,0.33372154810136284
382,494,0,242.06019236426067,50,90,2.0,314.6782500735389,6.051504809106517,0.726180577092782
369,208,5,239.95907180126318,40,70,1.5,124.77871733665685,1.199795359006316,0.4799181436025264
232,499,5,294.6524187493803,36,90,1.2,153.21925774967775,1.4732620937469014,0.5893048374987606
498,279,2,273.18825219532926,36,60,1.2,210.35495419040353,5.4637650439065855,0.2731882521953293
199,475,2,178.32999160652577,50,90,1.75,137.31409353702483,3.5665998321305152,0.17832999160652577
342,234,4,163.65690188534103,36,80,2.0,40.91422547133526,2.945824233936139,0.3273138037706821
245,55,5,190.0316571925443,30,70,1.75,98.81646174012303,0.9501582859627214,0.38006331438508856
309,412,8,255.67521750812114,30,75,1.2,107.38359135341088,8.69295739527612,2.556752175081211
426,290,0,248.37229108468713,30,90,1.75,322.8839784100933,6.209307277117179,0.7451168732540614
497,288,11,133.47697633682162,50,80,1.75,184.19822734481383,6.006463935156972,2.6695395267364326
131,63,6,260.96601613609954,50,75,1.2,404.4973250109543,33.92558209769294,28.70626177497095
259,229,4,235.58311368160497,50,75,1.5,58.89577842040124,4.24049604626889,0.47116622736320996
98,271,2,131.02337000888502,25,75,1.5,100.88799490684147,2.6204674001777004,0.13102337000888503
191,416,9,248.82297801217004,50,90,2.0,659.3808917322506,22.394068021095304,7.962335296389441
321,387,10,207.2820967015948,50,75,1.2,833.274028740411,51.8205241753987,68.40309191152629
135,51,1,188.0435525124062,50,60,1.75,449.42409050465085,50.771759178349676,26.32609735173687
482,240,4,167.34775045794095,36,75,1.75,41.83693761448524,3.0122595082429373,0.3346955009158819
245,190,7,208.71046806954195,36,75,1.75,521.7761701738549,54.264721698080905,31.30657021043129
285,479,3,210.90939979729993,25,75,1.5,434.47336358243786,46.40006795540599,25.30912797567599
94,356,6,100.86534966312401,50,70,1.2,156.34129197784222,13.112495456206121,11.095188462943641
125,325,1,56.33638366967279,36,80,2.0,134.643956970518,15.210823590811655,7.887093713754192
301,165,9,87.00409712483605,40,70,1.75,230.56085738081552,7.830368741235244,2.7841311079947535
332,343,8,108.21216394157275,50,80,1.5,45.44910885546056,3.679213574013474,1.0821216394157276
220,340,10,81.67331011604041,25,75,1.2,328.32670666648244,20.418327529010103,26.952192338293337
246,141,1,259.6938469375802,40,70,1.75,620.6682941808167,70.11733867314666,36.35713857126123
493,450,7,222.48248616416961,25,80,1.75,556.2062154104241,57.845446402684104,33.37237292462544
333,427,6,137.99797997069396,30,90,2.0,213.89686895457564,17.939737396190214,15.179777796776335
484,233,3,67.7712182420163,25,75,1.75,139.6087095785536,14.909668013243587,8.132546189041957
383,269,3,57.45784704190844,30,90,1.5,118.36316490633138,12.640726349219856,6.894941645029012
201,320,4,280.78138593438,50,70,1.2,70.195346483595,5.0540649468188406,0.56156277186876
481,397,0,140.32890417816645,40,70,1.75,182.4275754316164,3.5082226044541613,0.4209867125344994
173,145,1,270.4700587882046,30,70,1.2,646.423440503809,73.02691587281525,37.86580823034865
245,277,1,264.9540844968275,36,60,1.5,633.2402619474177,71.53760281414343,37.09357182955585
369,107,3,192.38868103068347,25,80,1.5,396.320682923208,42.32550982675036,23.086641723682014
265,276,4,132.02420950852297,36,90,1.75,33.00605237713074,2.376435771153414,0.26404841901704595
353,116,10,131.09287386007108,50,75,1.5,526.9933529174857,32.77321846501777,43.26064837382346
234,447,11,244.4852106030911,40,80,1.2,337.3895906322657,11.001834477139099,4.889704212061822
332,469,8,60.21696422776375,30,60,2.0,25.29112497566077,2.0473767837439674,0.6021696422776375
191,482,11,256.63802740401366,30,70,2.0,354.16047781753883,11.548711233180613,5.132760548080273
377,304,7,124.0441332586117,25,90,1.5,310.11033314652923,32.25147464723904,18.606619988791753
109,132,2,162.72362420735843,30,90,1.2,125.29719063966598,3.2544724841471684,0.16272362420735842
479,182,0,119.61110480117961,30,75,2.0,155.4944362415335,2.9902776200294903,0.35883331440353883
253,372,1,261.5619246160353,25,75,2.0,625.1329998323243,70.62171964632954,36.618669446244944
263,322,5,118.4709723300742,25,70,2.0,61.604905611638586,0.592354861650371,0.23694194466014842
71,236,0,251.3239832445873,30,80,1.75,326.72117821796354,6.2830995811146835,0.7539719497337619
278,166,7,223.97007496259704,36,75,1.5,559.9251874064926,58.232219490275234,33.595511244389556
120,63,7,106.02680706559596,30,90,1.5,265.0670176639899,27.566969837054952,15.904021059839394
440,451,5,247.50607063971816,50,75,1.75,128.70315673265344,1.2375303531985908,0.4950121412794363
354,262,8,191.2537411387688,30,90,2.0,80.32657127828288,6.502627198718139,1.9125374113876878
315,342,11,202.9860878160925,50,90,1.75,280.12080118620764,9.134373951724163,4.05972175632185
196,224,1,105.11122212089705,40,75,1.75,251.21582086894398,28.380029972642205,14.715571096925588
301,319,10,157.60740797956598,50,80,1.2,633.5817800778551,39.401851994891494,52.010444633256775
373,374,8,182.676429379602,40,70,2.0,76.72410033943284,6.210998598906468,1.8267642937960202
336,432,2,52.498426766002176,36,60,1.75,40.42378860982168,1.0499685353200436,0.05249842676600218
169,223,7,286.64647449909484,36,70,1.5,716.6161862477371,74.52808336976466,42.99697117486422
470,261,0,238.5192725261384,25,80,1.5,310.0750542839799,5.96298181315346,0.7155578175784152
156,65,8,82.95781467602829,50,90,1.2,34.842282163931884,2.820565698984962,0.829578146760283
193,470,8,127.91931987331746,40,60,1.5,53.72611434679333,4.349256875692794,1.2791931987331746
105,447,5,254.10808371458327,50,80,1.2,132.1362035315833,1.2705404185729163,0.5082161674291665
267,328,1,50.071607487438094,30,90,1.5,119.67114189497705,13.519334021608286,7.010025048241334
73,222,4,165.08532382457275,30,75,2.0,41.27133095614319,2.9715358288423097,0.3301706476491455
140,255,11,132.7796153348952,40,70,2.0,183.23586916215535,5.975082690070284,2.655592306697904
125,403,11,159.87432988615848,50,90,2.0,220.6265752428987,7.194344844877131,3.1974865977231697
71,88,1,252.60414914849613,25,80,1.5,603.7239164649058,68.20312027009396,35.36458088078946
58,325,1,245.83907881682316,25,80,1.5,587.5553983722074,66.37655128054226,34.417471034355245
142,334,9,154.3944997878317,40,90,2.0,409.145424437754,13.895504980904853,4.940623993210615
130,206,4,206.7942658657853,50,80,1.5,51.69856646644632,3.7222967855841356,0.4135885317315706
95,327,9,84.426010620349,40,60,1.2,223.72892814392486,7.59834095583141,2.701632339851168
478,450,8,73.0770359679419,25,75,1.75,30.692355106535594,2.4846192229100246,0.730770359679419
61,149,5,176.08417034493243,36,70,1.2,91.56376857936486,0.8804208517246622,0.35216834068986486
334,410,8,50.62129207258172,25,90,2.0,21.26094267048432,1.7211239304677786,0.5062129207258171
367,184,3,149.98431927631367,30,75,2.0,308.96769770920616,32.996550240789006,17.99811831315764
178,469,1,230.37157661263404,36,70,1.2,550.5880681041954,62.200325685411194,32.252020725768766
168,107,0,210.52720696357008,30,60,2.0,273.68536905264114,5.2631801740892525,0.6315816208907102
437,469,8,207.74096033288018,25,90,1.5,87.25120333980968,7.063192651317927,2.077409603328802
216,132,7,120.20864727727377,30,75,1.2,300.5216181931844,31.25424829209118,18.031297091591064
443,248,2,239.93649710553214,30,80,1.5,184.75110277125975,4.798729942110643,0.23993649710553214
165,459,8,220.33008543204255,25,70,1.2,92.53863588145786,7.491222904689447,2.2033008543204256
475,64,11,97.06509862160593,30,90,1.5,133.94983609781616,4.367929437972267,1.9413019724321185
166,112,2,139.42835926459787,36,60,2.0,107.35983663374036,2.7885671852919574,0.13942835926459787
479,462,4,183.41114858662164,40,75,1.75,45.85278714665541,3.30140067455919,0.3668222971732433
458,272,6,282.2003735211209,30,90,1.5,437.41057895773747,36.68604855774572,31.0420410873233
348,159,8,255.78820716347673,25,75,1.75,107.43104700866022,8.69679904355821,2.557882071634767
98,75,0,244.18541677976427,36,90,1.75,317.4410418136936,6.104635419494107,0.7325562503392928
261,135,5,277.86396155335444,30,80,1.5,144.48926000774432,1.3893198077667723,0.5557279231067089
230,247,10,136.76870913187165,25,70,2.0,549.810210710124,34.19217728296791,45.13367401351765
493,477,10,169.01101668118244,40,60,2.0,679.4242870583533,42.25275417029561,55.77363550479021
280,462,9,206.72205643566903,40,60,1.5,547.8134495545229,18.604985079210213,6.615105805941409
298,205,5,152.95018556442,36,80,2.0,79.5340964934984,0.7647509278221,0.30590037112884
179,422,5,180.11845598818476,36,80,1.2,93.66159711385608,0.9005922799409238,0.36023691197636953
144,250,9,68.66495143900079,30,90,1.75,181.96212131335207,6.179845629510071,2.1972784460480255
290,369,1,183.6982038669676,50,90,1.2,439.03870724205257,49.59851504408125,25.717748541375464
163,103,2,56.12852672530923,30,70,2.0,43.21896557848811,1.1225705345061845,0.05612852672530923
452,435,0,61.53011453654132,30,60,1.5,79.98914889750371,1.538252863413533,0.18459034360962395
343,259,10,108.5278731574975,36,80,1.2,436.2820500931399,27.131968289374374,35.814198141974174
428,50,7,109.59493603792565,50,90,2.0,273.9873400948141,28.49468336986067,16.439240405688846
467,430,11,208.8463553385775,40,90,1.2,288.2079703672369,9.398085990235987,4.17692710677155
289,403,7,75.76423214893406,30,90,1.5,189.41058037233515,19.698700358722856,11.364634822340108
435,53,6,240.92400254266263,36,80,2.0,373.4322039411271,31.320120330546143,26.50164027969289
145,169,6,198.91342344725703,25,75,2.0,308.3158063432484,25.858745048143415,21.880476579198273
455,118,11,106.51023786289994,50,80,2.0,146.98412825080192,4.792960703830497,2.130204757257999
318,332,7,245.8042300849211,30,60,1.2,614.5105752123028,63.90909982207949,36.870634512738164
190,360,2,151.27197133487084,36,70,1.75,116.47941792785055,3.025439426697417,0.15127197133487083
390,295,1,145.11623803488112,40,60,1.2,346.8278089033659,39.181384269417904,20.31627332488336
65,486,6,102.72486931614404,25,70,1.75,159.22354744002325,13.354233011098724,11.299735624775844
165,458,3,76.03892970414407,36,80,1.2,156.6401951905368,16.728564534911694,9.124671564497287
127,136,4,201.32161008269847,25,60,1.75,50.33040252067462,3.623788981488573,0.40264322016539694
91,452,6,284.83914612870444,50,70,2.0,441.5006764994919,37.02908899673158,31.33230607415749
287,209,6,99.67297024154345,30,90,1.2,154.49310387439235,12.95748613140065,10.964026726569779
202,439,4,239.82670606728675,30,60,1.2,59.95667651682169,4.316880709211162,0.4796534121345735
74,498,7,72.46730418592021,36,80,2.0,181.16826046480054,18.841499088339255,10.870095627888032
76,53,11,156.90716323364978,36,60,1.2,216.53188526243667,7.06082234551424,3.138143264672996
273,376,9,133.958827545313,50,70,1.2,354.99089299507943,12.05629447907817,4.286682481450016
153,429,11,70.02032892876963,40,60,1.75,96.62805392170208,3.150914801794633,1.4004065785753925
226,398,11,237.31018784005175,40,75,1.5,327.4880592192714,10.678958452802329,4.746203756801036
63,228,4,92.5665082909951,25,70,2.0,23.141627072748776,1.666197149237912,0.18513301658199022
141,255,6,299.92112854622997,25,70,1.5,464.87774924665644,38.9897467110099,32.9913241400853
444,458,9,58.73252712404909,25,80,1.2,155.64119687873009,5.285927441164418,1.8794408679695709
451,499,9,77.61229537023752,40,80,1.75,205.6725827311294,6.985106583321376,2.4835934518476006
226,369,10,148.34543286871218,36,75,1.2,596.348640132223,37.086358217178045,48.95399284667502
382,265,4,68.89142284760975,50,80,1.5,17.222855711902437,1.2400456112569755,0.1377828456952195
319,252,5,203.80819298797965,50,80,1.2,105.98026035374943,1.0190409649398984,0.40761638597595934
74,68,8,70.81339341642192,40,75,1.5,29.741625234897203,2.4076553761583455,0.7081339341642192
61,441,10,163.59948196317583,36,80,1.75,657.6699174919668,40.89987049079396,53.98782904784803
353,68,6,119.17507904898982,50,90,1.75,184.7213725259342,15.492760276368676,13.10925869538888
196,348,5,244.38106464690838,50,60,1.5,127.07815361639237,1.221905323234542,0.4887621292938168
461,358,5,287.3732843050885,30,60,1.5,149.434107838646,1.4368664215254423,0.5747465686101769
265,349,2,88.33814334168228,25,70,1.5,68.02037037309536,1.7667628668336457,0.08833814334168229
231,400,9,198.37901411046926,50,60,1.2,525.7043873927435,17.854111269942234,6.3481284515350165
162,192,5,240.79707396098132,50,75,2.0,125.21447845971029,1.2039853698049066,0.48159414792196265
147,115,0,180.75934087584318,50,75,2.0,234.98714313859614,4.51898352189608,0.5422780226275296
388,498,8,121.71045547184279,40,60,2.0,51.11839129817397,4.138155486042655,1.217104554718428
316,255,2,62.58903413376153,25,70,1.5,48.193556282996376,1.2517806826752307,0.06258903413376153
497,425,10,69.66521484211289,50,75,1.2,280.0541636652938,17.416303710528222,22.989520897897254
314,131,0,125.49787330954813,50,90,1.75,163.14723530241258,3.1374468327387035,0.3764936199286444
156,152,1,161.23565010534392,36,80,1.2,385.353203751772,43.53362552844286,22.57299101474815
493,53,5,134.8124861139587,30,80,1.5,70.10249277925853,0.6740624305697935,0.2696249722279174
135,68,6,288.2909612027877,50,80,1.2,446.8509898643209,37.4778249563624,31.712005732306647
345,331,3,259.7224324539579,40,70,2.0,535.0282108551532,57.13893513987073,31.166691894474944
87,141,4,184.4358765852062,50,60,2.0,46.10896914630155,3.3198457785337117,0.3688717531704124
69,391,3,266.679144383755,50,90,1.2,549.3590374305353,58.669411764426094,32.0014973260506
88,429,9,252.3884895647237,36,75,2.0,668.8294973465178,22.71496406082513,8.076431666071159
488,469,2,228.2213897181294,30,70,2.0,175.73047008295964,4.5644277943625875,0.22822138971812939
156,195,10,255.03108215314526,50,70,2.0,1025.2249502556438,63.757770538286316,84.16025711053794
350,380,8,103.0803607692578,40,70,1.2,43.293751523088275,3.504732266154765,1.030803607692578
421,328,5,273.1756702697263,30,80,1.2,142.0513485402577,1.3658783513486317,0.5463513405394527
416,282,10,208.91473666173246,30,70,2.0,839.8372413801644,52.228684165433116,68.94186309837171
360,133,8,292.5378473131939,40,90,1.2,122.86589587154143,9.946286808648592,2.9253784731319388
138,373,9,262.8626904542599,36,70,1.5,696.5861297037887,23.65764214088339,8.411606094536317
106,171,11,67.42265799260501,50,70,1.2,93.0432680297949,3.0340196096672254,1.3484531598521003
163,230,10,272.0113193411929,50,75,1.5,1093.4855037515954,68.00282983529823,89.76373538259367
453,63,9,241.01503786173518,25,90,1.75,638.6898503335982,21.691353407556164,7.712481211575526
194,376,10,283.086808769337,36,70,1.75,1138.0089712527345,70.77170219233425,93.4186468938812
123,152,10,58.093195865462285,50,70,2.0,233.53464737915837,14.523298966365571,19.170754635602556
498,330,5,131.08587998840272,36,70,1.2,68.16465759396942,0.6554293999420137,0.2621717599768055
386,484,11,51.52829464979837,40,60,2.0,71.10904661672174,2.3187732592409267,1.0305658929959673
365,423,10,105.89510756541743,25,90,1.2,425.69833241297806,26.47377689135436,34.945385496587754
342,477,10,293.9135944467055,25,90,2.0,1181.532649675756,73.47839861167637,96.99148616741282
195,160,11,114.4213775450321,40,60,1.2,157.90150101214428,5.148961989526445,2.288427550900642
294,134,8,248.86732768921635,50,90,2.0,104.52427762947086,8.461489141433356,2.4886732768921638
62,157,4,276.1713569290521,40,90,1.75,69.04283923226302,4.971084424722938,0.5523427138581042
425,64,9,298.27620962586275,40,70,1.2,790.4319555085362,26.844858866327645,9.544838708027608
356,342,6,268.66236117765476,36,80,2.0,416.4266598253649,34.92610695309512,29.552859729542025
246,59,0,136.7462449666864,36,70,1.75,177.7701184566923,3.41865612416716,0.4102387349000592
325,119,5,191.4496395955211,36,75,2.0,99.55381258967097,0.9572481979776055,0.38289927919104216
228,336,6,235.666364284935,25,90,1.2,365.28286464164927,30.636627357041554,25.92330007134285
152,396,0,270.8291668641165,30,75,1.75,352.07791692335144,6.7707291716029125,0.8124875005923494
207,229,6,232.8174969389462,50,70,1.2,360.8671202553666,30.266274602063007,25.60992466328408
354,491,4,261.1812913270397,50,70,1.5,65.29532283175992,4.701263243886714,0.5223625826540793
276,366,6,209.2156094259052,30,90,1.5,324.28419461015307,27.198029225367677,23.013717036849574
363,338,9,279.41174574058755,25,60,2.0,740.4411262125569,25.147057116652878,8.941175863698803
126,308,3,196.47035970170379,40,60,2.0,404.7289409855098,43.223479134374834,23.576443164204452
263,176,9,72.53905130565778,50,90,1.2,192.2284859599931,6.5285146175092,2.321249641781049
270,52,10,196.65887489057184,50,60,2.0,790.5686770600987,49.16471872264296,64.89742871388871
270,243,11,268.8476837895266,30,90,1.5,371.0098036295467,12.098145770528697,5.376953675790532
266,85,8,273.4003394818963,30,90,1.75,114.82814258239645,9.295611542384476,2.7340033948189633
340,411,9,182.71955872837214,50,90,1.5,484.2068306301861,16.444760285553492,5.847025879307909
447,251,1,245.43563601416312,25,80,1.5,586.5911700738499,66.26762172382405,34.36098904198284
412,235,11,105.39038309305677,25,60,1.5,145.43872866841832,4.742567239187554,2.1078076618611354
62,182,5,207.87234390318687,50,80,1.5,108.09361882965717,1.0393617195159344,0.41574468780637375
277,152,1,260.7567762952439,30,70,2.0,623.208695345633,70.40432959971587,36.505948681334154
66,257,8,282.51015900316855,30,75,1.2,118.65426678133079,9.605345406107732,2.8251015900316854
327,410,10,76.09999598086173,36,75,1.5,305.92198384306414,19.024998995215434,25.112998673684373
137,142,3,129.48250852585275,50,90,2.0,266.73396756325667,28.486151875687604,15.537901023102329
436,349,9,181.3037130372787,30,80,1.75,480.4548395487885,16.317334173355082,5.801718817192919
346,335,4,278.25754391854275,50,90,2.0,69.56438597963569,5.00863579053377,0.5565150878370855
310,223,2,244.8489188849433,40,75,2.0,188.53366754140634,4.896978377698866,0.24484891888494328
367,313,0,291.04330574256716,30,80,1.5,378.3562974653373,7.276082643564179,0.8731299172277015
359,164,2,277.5681419565832,25,90,1.5,213.72746930656905,5.551362839131664,0.2775681419565832
372,435,6,190.66860867821316,50,90,2.0,295.5363434512304,24.78691912816771,20.97354695460345
216,279,1,156.86450291000355,40,75,1.2,374.9061619549085,42.35341578570096,21.9610304074005
285,376,8,134.82573764739277,25,60,2.0,56.62680981190496,4.584075080011354,1.3482573764739276
378,115,9,232.12709595156832,30,75,2.0,615.136804271656,20.891438635641148,7.4280670704501865
213,194,8,126.5186594608265,50,75,1.5,53.137836973547124,4.301634421668101,1.265186594608265
413,497,5,237.65109670491597,36,70,1.2,123.57857028655631,1.18825548352458,0.47530219340983193
170,320,0,86.49172053243637,25,75,1.2,112.43923669216728,2.1622930133109093,0.25947516159730916
261,110,10,116.46803864950904,40,60,2.0,468.2015153710263,29.11700966237726,38.43445275433798
374,150,1,283.57395355945494,30,70,2.0,677.7417490070974,76.56496746105283,39.70035349832369
492,335,0,118.48851942002335,40,75,2.0,154.03507524603037,2.962212985500584,0.35546555826007004
133,253,4,200.12207616121336,50,90,2.0,50.03051904030334,3.6021973709018407,0.4002441523224267
142,327,2,72.17749847105749,25,60,2.0,55.57667382271427,1.4435499694211498,0.07217749847105749
497,285,3,261.0848560454434,50,75,2.0,537.8348034536134,57.438668329997554,31.33018272545321
61,177,0,91.27368996723393,40,70,2.0,118.65579695740412,2.2818422491808485,0.2738210699017018
157,237,0,197.80334149423544,25,60,1.75,257.14434394250605,4.945083537355886,0.5934100244827063
296,130,1,233.47008261550872,40,70,1.75,557.9934974510659,63.03692230618736,32.685811566171225
163,440,0,247.70486038145833,36,75,2.0,322.01631849589586,6.192621509536458,0.743114581144375
233,131,6,85.61992577980018,36,70,2.0,132.7108849586903,11.130590351374025,9.41819183577802
171,75,5,167.28188226038276,36,80,1.2,86.98657877539904,0.8364094113019138,0.3345637645207655
160,303,9,118.5536323874762,36,75,1.5,314.1671258268119,10.669826914872857,3.7937162363992383
87,258,9,77.81627463387254,36,60,1.5,206.21312777976223,7.003464717048528,2.4901207882839214
326,283,10,179.17352719823074,36,75,1.2,720.2775793368875,44.793381799557686,59.12726397541615
211,67,6,162.8567069142846,25,75,1.5,252.42789571714113,21.171371898856997,17.914237760571304
123,339,3,152.62962877397547,30,75,2.0,314.4170352743895,33.578518330274605,18.315555452877057
321,115,11,155.66034244552944,25,70,1.75,214.8112725748306,7.004715410048824,3.113206848910589
61,119,5,124.86590276411881,36,90,1.5,64.93026943734179,0.6243295138205941,0.24973180552823762
183,348,11,134.92938698450075,40,75,1.5,186.20255403861103,6.071822414302534,2.6985877396900153
220,117,3,139.25026516677127,40,90,1.75,286.8555462435488,30.63505833668968,16.710031820012553
265,367,7,229.96226073183158,50,70,1.2,574.9056518295789,59.790187790276214,34.494339109774735
148,115,3,272.9751129646934,36,80,1.75,562.3287327072684,60.05452485223255,32.7570135557632
366,318,6,265.14066131037475,40,80,1.5,410.96802503108086,34.46828597034872,29.165472744141223
264,139,8,277.6551849676457,40,90,1.5,116.61517768641119,9.440276288899955,2.776551849676457
476,176,8,84.40405991997197,25,80,2.0,35.44970516638823,2.8697380372790473,0.8440405991997197
223,324,1,60.47722962426096,40,70,2.0,144.54057880198368,16.32885199855046,8.466812147396535
427,437,9,156.50725084581262,36,70,1.75,414.7442147414034,14.085652576123135,5.008232027066004
98,315,9,249.16252145115976,30,75,1.75,660.2806818455733,22.42462693060438,7.973200686437113
321,195,5,76.53169601711619,36,60,2.0,39.79648192890042,0.38265848008558095,0.1530633920342324
135,117,1,225.71397459394046,36,90,1.2,539.4563992795178,60.942773140363926,31.59995644315167
51,347,10,181.42718326858773,50,90,1.2,729.3372767397226,45.35679581714693,59.87097047863395
209,456,8,175.53234581649343,25,80,2.0,73.72358524292724,5.968099757760777,1.7553234581649344
138,71,0,237.30533784705466,50,90,1.5,308.4969392011711,5.932633446176367,0.711916013541164
400,80,8,67.53437766589832,30,75,1.2,28.364438619677294,2.296168840640543,0.6753437766589832
463,134,7,242.25036430272715,30,75,2.0,605.6259107568179,62.985094718709064,36.33755464540907
406,372,9,165.3865908734524,50,90,2.0,438.27446581464886,14.884793178610716,5.2923709079504775
431,499,3,142.12807206369996,36,80,1.5,292.78382845122195,31.268175854013993,17.055368647643995
460,486,5,96.55653125282475,36,80,1.75,50.209396251468874,0.4827826562641238,0.19311306250564952
271,221,0,131.66328310152295,25,75,1.75,171.16226803197983,3.2915820775380737,0.3949898493045689
120,259,10,110.2621444759481,36,80,1.75,443.2538207933113,27.565536118987026,36.38650767706287
140,143,5,273.5593289196614,25,75,1.5,142.25085103822394,1.3677966445983072,0.5471186578393229
132,461,1,167.01871157046972,36,60,2.0,399.17472065342264,45.09505212402683,23.382619619865764
194,472,9,279.095942964778,40,60,1.5,739.6042488566616,25.118634866830018,8.931070174872895
136,322,6,208.5422219084002,50,70,1.75,323.2404439580203,27.110488848092025,22.93964440992402
486,247,0,114.24980597758842,25,70,1.2,148.52474777086496,2.8562451494397108,0.34274941793276525
450,341,7,170.46674752677717,30,90,1.2,426.16686881694295,44.32135435696207,25.570012129016575
290,142,7,199.07177487196253,50,80,2.0,497.67943717990636,51.75866146671026,29.86076623079438
215,197,4,114.07786271495264,36,60,1.2,28.51946567873816,2.0534015288691476,0.22815572542990528
333,455,3,93.91559565397509,50,60,1.2,193.46612704718868,20.66143104387452,11.269871478477011
115,271,2,177.4282933568586,50,60,1.5,136.61978588478112,3.5485658671371723,0.1774282933568586
178,174,6,142.0757208974646,40,80,1.75,220.21736739107016,18.4698437166704,15.628329298721107
369,436,7,100.67549191086815,40,80,2.0,251.68872977717035,26.17562789682572,15.101323786630221
167,412,11,98.72566978111905,36,80,1.5,136.2414242979443,4.442655140150357,1.974513395622381
370,387,1,202.4195859557093,30,90,1.2,483.78281043414523,54.653288208041516,28.338742033799303
309,213,5,247.73667965773083,25,80,1.5,128.82307342202003,1.2386833982886543,0.49547335931546166
450,197,9,149.66294632383904,40,80,1.2,396.60680775817343,13.469665169145513,4.789214282362849
312,355,11,111.78499710292107,50,75,2.0,154.26329600203107,5.030324869631448,2.2356999420584214
123,127,0,281.60708838388973,40,80,1.2,366.0892148990567,7.0401772095972435,0.8448212651516692
255,299,3,125.7361418567162,40,60,1.2,259.0164522248354,27.661951208477564,15.088337022805943
400,147,5,90.81848323977195,36,75,1.2,47.22561128468141,0.45409241619885976,0.18163696647954392
329,132,11,180.98306392635777,25,75,1.75,249.75662821837372,8.1442378766861,3.6196612785271554
324,434,7,290.23852003242575,40,80,1.5,725.5963000810643,75.4620152084307,43.535778004863865
273,60,8,238.38379060143893,36,60,2.0,100.12119205260434,8.105048880448924,2.3838379060143895
342,336,8,279.42674318854324,25,75,2.0,117.35923213918815,9.500509268410472,2.7942674318854324
101,110,9,97.52428470691392,25,90,2.0,258.4393544733219,8.777185623622252,3.1207771106212454
222,313,3,279.5264369816018,40,75,1.75,575.8244601820998,61.4958161359524,33.543172437792215
460,258,9,189.25082859664235,25,80,1.75,501.5146957811022,17.03257457369781,6.056026515092555
399,138,7,133.64092106122092,36,60,1.75,334.10230265305233,34.74663947591744,20.046138159183137
82,51,6,106.39784674057616,50,70,1.5,164.91666244789306,13.8317200762749,11.703763141463376
396,97,4,280.7263921263597,50,80,1.5,70.18159803158993,5.053075058274476,0.5614527842527194
282,364,2,52.19820315764036,50,90,1.5,40.19261643138307,1.043964063152807,0.05219820315764036
445,431,9,192.04657500131185,30,75,2.0,508.9234237534764,17.284191750118065,6.14549040004198
118,339,10,62.20743300082452,36,60,2.0,250.07388066331455,15.55185825020613,20.528452890272092
175,239,5,283.56097910692745,50,60,1.2,147.45170913560227,1.4178048955346372,0.5671219582138549
204,315,9,116.87782821542574,40,75,1.5,309.72624477087817,10.519004539388316,3.7400905028936235
60,439,8,88.49926884170443,25,80,1.75,37.16969291351586,3.008975140617951,0.8849926884170444
440,239,9,258.34079237561394,30,80,2.0,684.6030997953769,23.250671313805253,8.266905356019647
245,285,4,148.82669382801527,40,70,1.75,37.20667345700382,2.678880488904275,0.29765338765603055
100,435,5,214.06316019965672,50,60,1.5,111.3128433038215,1.0703158009982836,0.4281263203993135
395,101,11,298.7824364559448,25,60,2.0,412.3197623092038,13.445209640517515,5.9756487291188956
69,137,11,51.08885602987141,50,60,1.2,70.50262132122253,2.2989985213442132,1.0217771205974282
291,242,3,199.89269530082223,36,75,2.0,411.7789523196938,43.97639296618089,23.987123436098667
114,458,2,298.8962941419839,25,75,1.5,230.1501464893276,5.977925882839678,0.29889629414198393
57,391,6,215.66882801961918,25,80,1.5,334.28668343040977,28.036947642550494,23.72357108215811
210,332,11,118.03662237258243,36,60,1.5,162.89053887416375,5.311648006766209,2.3607324474516487
122,470,9,222.59317799211613,36,70,1.75,589.8719216791077,20.03338601929045,7.122981695747717
392,145,10,252.62210932374018,40,90,1.2,1015.5408794814354,63.155527330935044,83.36529607683426
431,153,5,213.38485537793798,25,60,2.0,110.96012479652775,1.0669242768896898,0.426769710755876
78,110,2,51.49532385097764,50,90,1.5,39.651399365252786,1.0299064770195527,0.051495323850977645
148,366,11,221.5559763392974,25,60,2.0,305.74724734823036,9.970018935268381,4.431119526785948
62,262,7,130.98554716944622,50,90,1.5,327.46386792361557,34.05624226405602,19.647832075416932
466,403,1,190.28673428583576,40,75,1.5,454.7852949431475,51.37741825717566,26.64014280001701
110,189,1,148.1935898283583,30,70,1.5,354.18267968977636,40.01226925365675,20.747102575970167
493,351,4,245.3609897155456,25,75,1.2,61.3402474288864,4.416497814879821,0.4907219794310912
425,348,10,83.62824448690971,50,70,1.75,336.185542837377,20.907061121727427,27.597320680680205
335,456,3,151.23667454796657,36,70,1.5,311.5475495688111,33.27206840055265,18.148400945755988
416,211,6,161.91426228878044,40,90,1.2,250.9671065476097,21.048854097541458,17.810568851765847
440,331,6,269.67489168121074,40,90,1.75,417.99608210587667,35.0577359185574,29.66423808493318
132,136,7,50.62166374538863,40,80,1.2,126.55415936347157,13.161632573801045,7.593249561808294
205,89,11,142.6851723475114,50,70,1.75,196.90553783956574,6.420832755638013,2.8537034469502283
168,244,2,169.11052823267002,30,70,1.5,130.2151067391559,3.3822105646534006,0.16911052823267003
146,148,9,98.33435144640245,30,80,2.0,260.5860313329665,8.85009163017622,3.1466992462848786
52,257,7,175.80055371020478,36,75,1.5,439.50138427551195,45.708143964653246,26.370083056530717
307,212,8,74.00079160910285,50,60,1.2,31.080332475823194,2.516026914709497,0.7400079160910285
90,146,1,111.72979753738022,50,75,1.2,267.03421611433873,30.167045335092663,15.642171655233232
396,379,8,180.54660924813916,36,75,2.0,75.82957588421844,6.138584714436732,1.8054660924813917
94,344,3,60.50073639557683,40,90,1.5,124.63151697488827,13.310162007026902,7.260088367469219
450,325,7,82.51343808589476,30,80,1.75,206.28359521473692,21.45349390233264,12.377015712884214
70,62,6,154.38251212255648,25,90,2.0,239.29289378996253,20.069726575932343,16.982076333481213
437,113,1,150.91017698249397,36,75,1.5,360.6753229881606,40.74574778527337,21.12742477754916
439,489,8,60.84907455030915,25,70,1.2,25.556611311129842,2.068868534710511,0.6084907455030915
357,210,10,145.03564576975003,25,75,1.75,583.0432959943951,36.25891144243751,47.86176310401751
304,254,10,281.28828236925006,40,60,1.75,1130.7788951243851,70.32207059231251,92.82513318185252
415,427,9,61.08221993808836,30,80,1.5,161.86788283593415,5.497399794427952,1.9546310380188274
450,172,3,271.77072685469966,40,60,1.75,559.8476973206813,59.78955990803392,32.612487222563956
412,159,4,159.08779891708897,30,90,2.0,39.771949729272244,2.8635803805076017,0.318175597834178
337,190,7,281.2930552538253,25,75,1.75,703.2326381345632,73.13619436599458,42.193958288073794
279,490,5,229.23792019489576,36,75,2.0,119.2037185013458,1.1461896009744788,0.45847584038979156
461,368,10,138.41519822782584,40,60,1.5,556.4290968758598,34.60379955695646,45.67701541518253
329,304,0,163.20521225913302,40,80,1.75,212.16677593687294,4.080130306478326,0.48961563677739905
372,246,7,137.82777940882698,36,70,2.0,344.56944852206743,35.835222646295016,20.674166911324047
148,324,1,92.92987857246342,30,90,2.0,222.1024097881876,25.091067214565125,13.010183000144881
437,75,7,159.57415845777734,30,80,1.75,398.93539614444336,41.48928119902211,23.9361237686666
382,132,0,145.87961154593654,30,80,2.0,189.6434950097175,3.646990288648414,0.4376388346378096
411,411,5,107.09876739363693,40,70,1.5,55.691359044691204,0.5354938369681846,0.21419753478727388
493,81,5,294.34892568681175,36,80,1.5,153.06144135714212,1.4717446284340587,0.5886978513736235
395,128,2,223.54533551770956,30,75,1.2,172.12990834863638,4.470906710354192,0.22354533551770955
116,75,5,203.9291692239839,25,90,1.75,106.04316799647164,1.0196458461199196,0.4078583384479678
283,434,7,273.57999874486427,36,70,1.75,683.9499968621607,71.13079967366471,41.036999811729636
356,231,5,108.28952095763299,50,75,1.2,56.31055089796916,0.541447604788165,0.21657904191526597
171,461,5,145.34000532601482,36,75,1.5,75.5768027695277,0.7267000266300742,0.29068001065202964
85,307,3,242.27955208333807,30,60,1.75,499.09587729167646,53.30150145833438,29.073546250000568
95,412,9,69.26207874242209,36,70,1.2,183.54450866741854,6.233587086817988,2.216386519757507
57,278,10,242.45018385546868,50,70,1.5,974.649739098984,60.61254596386717,80.00856067230467
392,443,7,61.45443150091116,40,75,1.5,153.6360787522779,15.978152190236903,9.218164725136674
430,499,5,294.9821866259505,50,70,1.5,153.39073704549426,1.4749109331297523,0.589964373251901
204,318,7,119.93202286192098,30,60,1.2,299.8300571548025,31.182325944099457,17.98980342928815
430,420,8,272.4483413527015,36,75,1.75,114.42830336813462,9.263243605991851,2.724483413527015
206,271,10,190.42735135942937,30,90,1.2,765.517952464906,47.60683783985734,62.841025948611694
172,138,10,183.5375853625269,36,90,1.2,737.8210931573581,45.884396340631724,60.56740316963388
112,93,11,241.6918250496328,30,60,2.0,333.53471856849325,10.876132127233475,4.833836500992656
235,463,10,82.71030620626999,36,80,1.75,332.49543094920534,20.677576551567498,27.294401048069098
337,93,10,293.6352360860204,25,60,2.0,1180.413649065802,73.4088090215051,96.89962790838675
225,166,10,165.47583186422966,40,80,1.5,665.2128440942032,41.368957966057415,54.60702451519579
434,134,2,161.82550488005344,25,75,1.5,124.60563875764116,3.236510097601069,0.16182550488005346
206,216,9,199.8804186215772,25,80,2.0,529.6831093471795,17.989237675941947,6.396173395890471
415,286,3,89.43197518255897,25,80,1.2,184.2298688760715,19.675034540162972,10.731837021907076
451,340,3,263.0112150706027,30,75,1.2,541.8031030454416,57.8624673155326,31.561345808472325
147,163,7,299.1255278328199,30,75,2.0,747.8138195820497,77.77263723653317,44.868829174922986
137,316,2,154.79005760982398,30,75,1.75,119.18834435956447,3.0958011521964797,0.15479005760982398
211,213,2,61.97869164157489,30,60,2.0,47.72359256401267,1.2395738328314978,0.06197869164157489
463,59,1,79.68579440461266,50,60,1.5,190.44904862702427,21.51516448924542,11.156011216645775
229,59,3,53.238976096252955,50,60,2.0,109.6722907582811,11.71257474117565,6.388677131550354
456,465,11,114.40089427679499,40,80,2.0,157.87323410197706,5.1480402424557745,2.2880178855358997
233,295,6,118.06019503028018,50,80,1.2,182.9933022969343,15.347825353936424,12.98662145333082
126,328,5,90.33165422336859,40,70,1.5,46.972460196151665,0.4516582711168429,0.18066330844673717
353,268,4,159.4533092506511,50,90,1.75,39.863327312662776,2.8701595665117203,0.3189066185013022
415,135,5,72.61166549766244,30,80,1.5,37.75806605878447,0.36305832748831224,0.1452233309953249
201,281,11,96.23234228046891,40,90,1.2,132.8006323470471,4.330455402621101,1.9246468456093784
471,442,2,208.8028472313147,36,75,1.2,160.77819236811231,4.1760569446262945,0.2088028472313147
239,154,2,142.58121236568167,36,60,1.75,109.78753352157489,2.8516242473136333,0.14258121236568166
319,355,0,161.29541061738522,30,60,1.2,209.6840338026008,4.03238526543463,0.4838862318521557
131,233,2,195.0055696017722,25,90,1.5,150.1542885933646,3.9001113920354444,0.1950055696017722
348,173,6,54.859635891495046,36,90,1.5,85.03243563181732,7.131752665894356,6.034559948064455
146,337,6,120.96407259897427,50,75,1.5,187.49431252841012,15.725329437866655,13.30604798588717
260,88,4,220.80854460395076,50,60,1.75,55.20213615098769,3.9745538028711143,0.44161708920790155
253,92,5,50.01873899786889,25,90,1.2,26.009744278891823,0.2500936949893444,0.10003747799573777
111,300,9,226.44024270417555,30,60,1.5,600.0666431660652,20.379621843375798,7.246087766533617
101,74,2,78.06848613368831,30,60,1.75,60.11273432294,1.5613697226737662,0.07806848613368832
400,107,10,147.63255643629387,50,70,1.75,593.4828768739013,36.90813910907347,48.71874362397698
227,377,2,214.89997970480889,36,60,1.75,165.47298437270285,4.2979995940961775,0.2148999797048089
64,200,7,245.11603560409543,40,60,1.5,612.7900890102386,63.730169257064816,36.76740534061431
396,168,9,169.87598338988147,25,75,1.5,450.1713559831859,15.288838505089332,5.436031468476207
124,437,0,285.2462773111443,40,80,1.2,370.8201605044876,7.131156932778608,0.8557388319334329
485,298,4,72.76364536396092,40,75,2.0,18.19091134099023,1.3097456165512966,0.14552729072792184
473,81,2,159.590495982153,36,60,1.5,122.8846819062578,3.1918099196430596,0.159590495982153
182,373,11,201.76943117036487,36,80,1.5,278.4418150151035,9.079624402666418,4.0353886234072975
112,411,0,214.33384098824038,36,90,2.0,278.6339932847125,5.35834602470601,0.6430015229647211
124,81,6,271.6862745778784,36,70,1.75,421.11372559571157,35.31921569512419,29.885490203566626
321,197,0,116.16347665477198,40,90,1.2,151.01251965120358,2.9040869163693,0.34849042996431595
457,305,6,74.79440027887395,25,90,1.75,115.93132043225462,9.723272036253613,8.227384030676134
399,266,10,193.38101846964926,50,75,1.2,777.3916942479899,48.345254617412316,63.81573609498426
428,115,6,90.47826837918848,36,75,2.0,140.24131598774215,11.762174889294503,9.952609521710732
162,474,2,273.8708343317136,30,90,1.75,210.88054243541947,5.477416686634272,0.2738708343317136
479,223,7,174.84757061432012,50,80,2.0,437.1189265358003,45.46036835972323,26.227135592148016
292,468,2,64.68155116715333,40,60,1.5,49.80479439870807,1.2936310233430666,0.06468155116715334
255,495,1,231.18127051239108,25,60,1.5,552.5232365246147,62.418943038345596,32.36537787173476
277,454,2,57.29730532366843,50,75,1.2,44.1189250992247,1.1459461064733687,0.05729730532366843
473,317,0,113.01320247027823,25,70,1.5,146.9171632113617,2.825330061756956,0.3390396074108347
208,348,5,142.6278756436414,25,70,2.0,74.16649533469354,0.713139378218207,0.2852557512872828
149,300,6,258.45847912207887,36,70,1.75,400.61064263922225,33.599602285870255,28.430432703428675
323,226,3,292.34594718269295,30,80,1.5,602.2326511963475,64.31610838019245,35.081513661923154
174,373,1,109.497115632722,40,60,1.2,261.6981063622056,29.56422122083494,15.329596188581082
371,317,2,111.43072578435302,40,75,1.2,85.80165885395182,2.2286145156870605,0.11143072578435302
259,169,8,95.42456350288984,40,90,2.0,40.078316671213734,3.2444351590982548,0.9542456350288984
427,103,0,89.80377661680117,50,75,2.0,116.74490960184153,2.2450944154200294,0.2694113298504035
394,462,11,132.5356854953326,50,90,1.5,182.89924598355896,5.964105847289966,2.650713709906652
293,413,6,254.17854737671118,50,80,1.2,393.97674843390234,33.043211158972454,27.95964021143823
56,196,11,73.82352629708234,25,90,1.75,101.87646628997362,3.322058683368705,1.4764705259416468
268,393,9,192.03972737542233,25,90,1.5,508.90527754486914,17.283575463788008,6.145271276013514
430,97,5,56.34559501734519,30,70,2.0,29.2997094090195,0.281727975086726,0.11269119003469039
390,296,6,138.16909043252133,36,75,1.75,214.16209017040808,17.96198175622777,15.198599947577346
79,418,5,95.24787681355693,36,70,1.2,49.528895943049605,0.47623938406778465,0.19049575362711385
50,255,8,215.54565331812407,36,90,1.2,90.52917439361211,7.328552212816219,2.1554565331812405
265,177,5,276.5627076546846,36,60,1.75,143.81260798043598,1.3828135382734228,0.5531254153093692
425,118,11,265.3742794153217,25,60,1.75,366.21650559314395,11.941842573689478,5.3074855883064345
178,203,1,116.97572949702834,30,80,1.75,279.5719934978977,31.583446964197655,16.37660212958397
451,387,10,283.81019066804345,36,90,1.5,1140.9169664855344,70.95254766701086,93.65736292045435
116,472,4,295.66165131815626,36,60,1.2,73.91541282953906,5.321909723726813,0.5913233026363125
497,53,6,101.29229623796067,40,60,1.5,157.00305916883903,13.167998510934888,11.142152586175675
96,399,2,260.5015324826958,40,90,1.2,200.58618001167576,5.210030649653915,0.2605015324826958
188,356,0,54.73295963815659,50,75,1.2,71.15284752960358,1.3683239909539149,0.16419887891446977
328,499,1,232.40961761139903,30,80,1.75,555.4589860912437,62.750596755077744,32.53734646559587
213,456,5,213.3695733033717,40,90,1.5,110.95217811775329,1.0668478665168586,0.42673914660674345
462,137,2,116.9226237040624,30,70,1.75,90.03042025212805,2.3384524740812482,0.11692262370406241
496,323,0,137.91657938142765,50,90,2.0,179.29155319585595,3.4479144845356915,0.41374973814428295
348,407,2,124.7285191201505,50,90,2.0,96.04095972251588,2.49457038240301,0.1247285191201505
68,80,10,287.4192185179674,36,90,1.75,1155.4252584422288,71.85480462949185,94.84834211092925
255,163,4,278.568865685904,30,70,1.75,69.642216421476,5.014239582346272,0.557137731371808
237,455,5,125.21053023314295,40,60,1.5,65.10947572123433,0.6260526511657147,0.25042106046628587
432,323,4,179.6342960482294,50,90,1.5,44.90857401205735,3.23341732886813,0.35926859209645884
447,241,5,205.19089138931028,40,80,1.2,106.69926352244136,1.0259544569465515,0.4103817827786206
210,114,0,118.59384398548066,50,75,1.5,154.17199718112485,2.9648460996370165,0.35578153195644197
223,465,7,199.5912687801963,25,60,1.75,498.9781719504907,51.893729882851034,29.93869031702944
374,335,11,97.31999995494269,36,80,1.2,134.3015999378209,4.3793999979724205,1.9463999990988539
218,116,4,136.46976538432568,25,70,1.75,34.11744134608142,2.4564557769178625,0.27293953076865135
206,274,0,278.1126627668935,50,80,2.0,361.54646159696154,6.952816569172338,0.8343379883006805
131,468,11,123.1783528732081,40,90,1.5,169.98612696502715,5.5430258792943645,2.463567057464162
296,263,10,57.745836259825,36,80,2.0,232.13826176449646,14.43645906495625,19.05612596574225
60,177,6,146.68191612082154,50,70,2.0,227.3569699872734,19.0686490957068,16.135010773290368
405,127,5,149.91525704638786,50,75,1.75,77.95593366412169,0.7495762852319393,0.2998305140927757
491,127,9,145.73981503696797,36,60,1.75,386.2105098479651,13.116583353327117,4.663674081182975
116,185,0,143.20522823422596,50,80,1.5,186.16679670449375,3.580130705855649,0.42961568470267786
343,295,8,126.46005865529726,30,60,1.5,53.113224635224846,4.299641994280107,1.2646005865529726
95,492,3,149.37042905417465,40,75,1.2,307.7030838515998,32.86149439191842,17.924451486500956
197,378,10,85.74579277798811,25,70,2.0,344.6980869675122,21.43644819449703,28.29611161673608
362,67,0,203.98906761242466,30,70,1.5,265.1857878961521,5.099726690310617,0.611967202837274
355,253,8,112.0205495167396,50,80,1.2,47.04863079703063,3.8086986835691468,1.120205495167396
136,277,9,286.2979281785607,50,75,2.0,758.6895096731859,25.76681353607046,9.161533701713942
285,317,4,201.72985868909313,40,70,1.75,50.432464672273284,3.631137456403677,0.40345971737818626
277,112,4,236.05323036790043,40,90,2.0,59.01330759197511,4.248958146622208,0.47210646073580087
287,102,6,127.24497079402079,30,60,2.0,197.22970473073224,16.541846203222704,13.996946787342287
168,59,9,185.8553748249578,25,60,1.2,492.5167432861382,16.7269837342462,5.94737199439865
485,233,0,79.42568702619604,25,75,1.75,103.25339313405486,1.9856421756549012,0.23827706107858815
69,325,0,142.86393622666185,25,60,1.2,185.7231170946604,3.5715984056665464,0.42859180867998553
435,100,3,275.3170616538108,25,75,2.0,567.1531470068503,60.569753563838375,33.038047398457294
353,280,6,96.71088810208177,50,75,1.5,149.90187655822675,12.57241545327063,10.638197691228994
65,73,4,174.70404503214286,36,75,1.5,43.676011258035714,3.1446728105785717,0.34940809006428575
77,303,2,68.822317936309,25,80,1.2,52.993184810957935,1.3764463587261802,0.06882231793630901
384,249,10,285.10262475610807,50,60,1.2,1146.1125515195542,71.27565618902702,94.08386616951567
102,82,2,120.94480105004052,50,80,1.75,93.1274968085312,2.4188960210008106,0.12094480105004053
249,164,11,86.0388487612224,36,90,1.75,118.7336112904869,3.871748194255008,1.720776975224448
384,475,10,226.1887390800585,36,60,1.2,909.2787311018351,56.547184770014624,74.6422838964193
394,324,3,192.3061880595851,50,80,1.2,396.15074740274537,42.307361373108726,23.076742567150212
185,373,0,298.31879771127774,25,60,1.75,387.81443702466106,7.4579699427819435,0.8949563931338332
239,190,5,83.0139719275142,25,90,1.75,43.167265402307386,0.41506985963757104,0.16602794385502842
212,423,5,218.54053802472666,30,60,1.75,113.64107977285786,1.0927026901236334,0.43708107604945334
217,340,6,77.48409197463303,25,70,1.5,120.1003425606812,10.072931956702295,8.523250117209633
369,495,3,292.7703275380387,30,60,1.5,603.1068747283598,64.40947205836852,35.13243930456464
438,444,0,288.73525219791964,50,80,1.75,375.35582785729554,7.218381304947991,0.8662057565937589
250,54,1,289.29794846786865,50,80,2.0,691.4220968382061,78.11044608632454,40.50171278550162
126,350,1,176.0603437057237,25,80,1.75,420.7842214566797,47.536292800545404,24.648448118801323
285,380,11,207.67992543107079,25,60,1.2,286.59829709487764,9.345596644398185,4.153598508621416
454,336,4,63.748458141232156,36,80,2.0,15.937114535308039,1.147472246542179,0.12749691628246432
333,220,10,198.12288676740553,25,80,1.75,796.4540048049702,49.53072169185138,65.38055263324382
446,50,8,248.7926962736753,30,80,1.2,104.49293243494361,8.458951673304961,2.487926962736753
110,262,5,200.25861301355965,30,80,1.2,104.13447876705102,1.0012930650677982,0.4005172260271193
418,149,7,230.67046951525023,30,90,1.75,576.6761737881255,59.97432207396506,34.600570427287536
233,494,11,241.5876218619305,50,90,1.5,333.39091816946404,10.871442983786872,4.8317524372386105
199,232,11,239.9677545734912,40,70,1.5,331.1555013114178,10.798548955807103,4.799355091469824
363,466,10,291.49245490124787,30,60,2.0,1171.7996687030163,72.87311372531197,96.1925101174118
118,427,6,54.51637725460202,25,80,1.5,84.50038474463314,7.087129043098263,5.9968014980062225
74,414,11,134.64287685874496,40,70,2.0,185.80717006506802,6.058929458643523,2.6928575371748993
360,395,8,127.43296087494997,30,70,1.2,53.52184356747899,4.3327206697483,1.2743296087494997
293,414,6,92.90964250798419,40,70,1.75,144.0099458873755,12.078253526037944,10.22006067587826
401,446,1,135.95120540019823,30,75,1.5,324.92338090647377,36.70682545805352,19.033168756027756
150,326,5,249.29609674549218,36,60,1.75,129.63397030765594,1.246480483727461,0.4985921934909844
481,155,9,248.92796410319622,30,90,1.75,659.6591048734699,22.40351676928766,7.965694851302279
206,340,10,251.1229124361293,40,60,1.2,1009.5141079932397,62.780728109032324,82.87056110392267
174,315,11,74.71088666617888,25,70,1.75,103.10102359932685,3.3619898999780493,1.4942177333235775
126,257,0,85.31341302702256,36,75,1.5,110.90743693512934,2.1328353256755643,0.25594023908106767
363,253,4,217.05504447348534,30,60,1.75,54.263761118371335,3.9069908005227365,0.4341100889469707
206,361,4,270.60059422857734,30,60,2.0,67.65014855714433,4.870810696114392,0.5412011884571547
151,263,11,93.72531526531678,30,70,1.2,129.34093506613715,4.217639186939255,1.8745063053063356
459,477,2,147.99122565665584,36,70,1.2,113.953243755625,2.959824513133117,0.14799122565665584
211,195,6,171.1875767326939,25,80,1.75,265.34074393567556,22.254384975250208,18.83063344059633
108,416,11,162.81960338421885,40,70,1.5,224.691052670222,7.326882152289848,3.256392067684377
226,432,0,245.13065353018152,50,70,2.0,318.669849589236,6.128266338254538,0.7353919605905446
