width,height,food_class_idx,food_weight,user_age,user_weight,user_height,user_gender,activity_level,bmr,tdee,kalori,protein,lemak
114,231,4,80.03918364436417,36,90,175,M,1.2,1929.5450000000003,2315.454,20.009795911091043,1.4407053055985553,0.16007836728872835
222,136,0,140.36361037523272,40,60,175,M,1.75,1504.9270000000001,2633.6222500000003,182.47269348780256,3.509090259380818,0.4210908311256982
260,179,6,86.08133343208561,36,75,155,M,2.0,1632.61,3265.22,133.4260668197327,11.19057334617113,9.468946677529418
237,57,0,174.99943672233564,40,60,180,F,1.5,1386.8529999999998,2080.2794999999996,227.49926773903636,4.374985918058392,0.5249983101670069
285,395,0,182.98553118799802,30,70,170,F,1.2,1491.643,1789.9716,237.88119054439744,4.5746382796999505,0.5489565935639941
334,344,8,119.9715370979703,36,75,180,M,1.5,1752.5849999999998,2628.8774999999996,50.38804558114752,4.07903226133099,1.199715370979703
120,439,11,270.71201663110355,40,70,165,M,1.5,1590.9070000000002,2386.3605000000002,373.58258295092287,12.18204074839966,5.414240332622071
112,318,0,292.42067112862617,40,70,175,F,1.75,1463.8329999999999,2561.7077499999996,380.14687246721405,7.310516778215654,0.8772620133858785
180,88,0,278.6814101174309,50,90,175,F,1.75,1605.473,2809.57775,362.2858331526602,6.967035252935773,0.8360442303522928
58,371,4,116.33368309024534,36,80,155,M,1.5,1699.595,2549.3925,29.083420772561336,2.0940062956244163,0.2326673661804907
265,460,7,210.52912359859798,30,70,155,F,1.5,1445.173,2167.7595,526.3228089964949,54.737572135635475,31.579368539789694
304,426,5,225.99755904595753,50,80,155,M,2.0,1620.1170000000002,3240.2340000000004,117.51873070389792,1.1299877952297877,0.45199511809191506
274,269,1,223.02163531930216,50,70,170,F,1.5,1405.0430000000001,2107.5645000000004,533.0217084131322,60.215841536211585,31.223028944702307
339,484,10,125.50550197724887,30,80,180,M,1.2,1853.632,2224.3584,504.5321179485404,31.376375494312217,41.416815652492126
198,152,5,63.689503267076795,30,90,155,F,1.75,1630.113,2852.6977500000003,33.11854169887994,0.318447516335384,0.1273790065341536
435,390,5,163.50666578816538,30,75,155,F,1.5,1491.408,2237.112,85.023466209846,0.8175333289408269,0.3270133315763308
93,249,8,121.58051457064127,30,70,165,F,2.0,1476.1529999999998,2952.3059999999996,51.06381611966933,4.133737495401803,1.2158051457064127
317,418,7,89.84801285774807,36,80,170,F,2.0,1558.1329999999998,3116.2659999999996,224.62003214437019,23.3604833430145,13.477201928662211
384,125,3,251.4395906178643,30,75,170,M,1.75,1738.6570000000002,3042.6497500000005,517.9655566728005,55.31670993593015,30.172750874143716
232,318,9,177.03244135402832,36,70,165,M,2.0,1613.615,3227.23,469.13596958817504,15.932919721862548,5.665038123328906
177,219,6,192.07722848055366,36,60,155,M,2.0,1431.655,2863.31,297.71970414485816,24.970039702471976,21.128495132860902
208,228,5,249.4396943719082,25,75,170,M,2.0,1767.0420000000001,3534.0840000000003,129.70864107339227,1.247198471859541,0.4988793887438164
150,298,0,283.90165491672917,30,75,165,M,1.2,1714.662,2057.5944,369.0721513917479,7.097541372918229,0.8517049647501875
59,491,10,262.12489499100025,36,80,155,M,2.0,1699.595,3399.19,1053.742077863821,65.53122374775006,86.50121534703008
137,225,5,143.8409384193128,40,60,170,M,1.5,1480.9320000000002,2221.398,74.79728797804266,0.719204692096564,0.2876818768386256
419,407,10,241.72615739821717,50,70,155,M,1.2,1486.1470000000002,1783.3764,971.7391527408329,60.43153934955429,79.76963194141167
173,141,1,274.3697627968987,36,90,155,M,1.5,1833.565,2750.3475,655.743733084588,74.07983595516266,38.411766791565825
393,185,1,167.6337293480154,50,60,165,M,1.2,1400.1670000000001,1680.2004000000002,400.64461314175685,45.261106923964164,23.468722108722158
208,142,11,144.81376676128826,50,75,165,F,1.2,1435.788,1722.9456,199.8429981305778,6.516619504257972,2.8962753352257655
462,265,2,288.6910790056961,36,90,155,M,2.0,1833.565,3667.13,222.292130834386,5.773821580113922,0.2886910790056961
275,79,5,299.64627052758834,36,60,165,M,1.2,1479.645,1775.5739999999998,155.81606067434595,1.4982313526379418,0.5992925410551767
266,448,1,126.7523463348756,36,70,155,M,1.5,1565.625,2348.4375,302.9381077403527,34.22313351041641,17.745328486882585
387,399,6,288.63453324455475,36,60,180,F,2.0,1404.1729999999998,2808.3459999999995,447.38352652905985,37.522489321792115,31.74979865690102
228,169,2,285.4824772664732,25,75,170,F,2.0,1559.5279999999998,3119.0559999999996,219.82150749518436,5.709649545329464,0.2854824772664732
119,306,5,211.68451654554173,50,70,170,F,1.75,1405.0430000000001,2458.8252500000003,110.0759486036817,1.0584225827277087,0.4233690330910835
175,297,10,54.9179044789246,36,90,170,M,2.0,1905.55,3811.1,220.76997600527687,13.72947611973115,18.12290847804512
191,288,9,96.88236875607168,36,75,155,F,2.0,1465.4279999999999,2930.8559999999998,256.73827720359,8.71941318804645,3.100235800194294
297,248,10,89.61056309965039,30,60,170,M,2.0,1537.7020000000002,3075.4040000000005,360.23446366059454,22.402640774912598,29.571485822884632
237,239,6,95.39116404538876,30,70,165,M,1.75,1647.6770000000001,2883.4347500000003,147.85630427035258,12.40085132590054,10.493028044992764
161,191,5,277.52898722955786,50,75,165,M,2.0,1601.122,3202.244,144.3150733593701,1.3876449361477894,0.5550579744591158
278,151,4,238.58807167937692,50,70,170,F,1.5,1405.0430000000001,2107.5645000000004,59.64701791984423,4.2945852902287855,0.47717614335875386
451,256,6,281.7535302436868,50,60,165,M,2.0,1400.1670000000001,2800.3340000000003,436.71797187771455,36.62795893167928,30.992888326805545
348,352,9,285.3541015123245,50,80,175,F,1.5,1513.0030000000002,2269.5045,756.18836900766,25.681869136109206,9.131331248394385
216,281,0,214.54472807736937,25,70,180,M,1.2,1748.0470000000003,2097.6564000000003,278.9081465005802,5.363618201934234,0.6436341842321082
325,295,8,267.3300410141129,36,60,175,M,1.5,1527.635,2291.4525,112.27861722592742,9.08922139447984,2.6733004101411293
112,322,10,238.5212641760071,36,90,165,M,1.5,1881.555,2822.3325,958.8554819875484,59.63031604400177,78.71201717808235
376,414,4,55.8029926207647,50,70,165,F,2.0,1389.5529999999999,2779.1059999999998,13.950748155191175,1.0044538671737646,0.1116059852415294
376,134,8,284.8764165731482,40,70,155,F,1.2,1401.873,1682.2476,119.64809496072225,9.685798163487041,2.8487641657314824
406,260,3,131.84753950701872,30,60,170,F,2.0,1399.1729999999998,2798.3459999999995,271.6059313844586,29.00645869154412,15.821704740842247
350,476,11,260.3749586004425,30,75,175,F,1.75,1553.368,2718.394,359.3174428686106,11.716873137019912,5.20749917200885
54,55,6,243.45781133668237,36,70,155,F,1.75,1419.1930000000002,2483.5877500000006,377.3596075718577,31.64951547376871,26.78035924703506
126,350,6,103.5479677210794,36,75,180,F,2.0,1542.8779999999997,3085.7559999999994,160.49934996767308,13.461235803740323,11.390276449318735
241,443,10,193.2450834892854,36,70,155,F,2.0,1419.1930000000002,2838.3860000000004,776.8452356269272,48.31127087232135,63.77087755146419
71,102,6,223.04069327660858,36,75,180,M,1.2,1752.5849999999998,2103.102,345.7130745787433,28.995290125959116,24.534476260426946
66,92,8,62.5392739380126,50,75,165,F,2.0,1435.788,2871.576,26.26649505396529,2.1263353138924286,0.625392739380126
472,106,9,234.1603367555622,50,60,155,F,1.5,1266.103,1899.1545,620.5248924022399,21.074430308000597,7.493130776177991
302,273,10,154.4626245459443,50,80,170,M,2.0,1692.1020000000003,3384.2040000000006,620.939750674696,38.61565613648607,50.97266610016162
107,473,7,208.0537764237907,50,75,175,F,1.2,1466.768,1760.1216,520.1344410594768,54.09398187018559,31.208066463568606
304,63,5,76.11731944295667,30,60,180,F,1.2,1430.1529999999998,1716.1835999999996,39.58100611033747,0.3805865972147834,0.15223463888591335
214,322,7,89.28714314288979,50,80,175,F,1.5,1513.0030000000002,2269.5045,223.2178578572245,23.214657217151345,13.393071471433467
390,142,8,167.4809008003504,25,70,170,F,2.0,1513.2930000000001,3026.5860000000002,70.34197833614716,5.694350627211914,1.674809008003504
75,483,0,219.8067904182572,36,70,165,M,2.0,1613.615,3227.23,285.74882754373436,5.495169760456431,0.6594203712547716
313,413,1,209.8770166408588,25,60,155,F,1.2,1374.353,1649.2236,501.6060697716526,56.66679449303188,29.382782329720236
403,241,5,219.0145426260856,30,75,155,F,2.0,1491.408,2982.816,113.88756216556452,1.095072713130428,0.4380290852521712
157,497,0,262.25835171470874,40,70,155,M,1.75,1542.9170000000001,2700.1047500000004,340.9358572291214,6.556458792867719,0.7867750551441263
190,58,10,64.99694416025937,36,70,155,F,2.0,1419.1930000000002,2838.3860000000004,261.2877155242427,16.249236040064844,21.448991572885596
212,212,11,157.19765537043358,36,60,165,M,1.5,1479.645,2219.4674999999997,216.93276441119832,7.073894491669511,3.1439531074086715
494,316,9,166.44744916434928,40,60,170,F,2.0,1355.8729999999998,2711.7459999999996,441.08574028552556,14.980270424791435,5.326318373259177
428,369,6,270.8492024937939,25,80,170,F,1.2,1605.763,1926.9155999999998,419.8162638653805,35.210396324193205,29.793412274317326
176,485,4,197.88876360676235,50,60,165,M,1.2,1400.1670000000001,1680.2004000000002,49.47219090169059,3.561997744921723,0.3957775272135247
334,285,4,292.60417049937485,40,90,175,F,1.75,1648.773,2885.35275,73.15104262484371,5.266875068988748,0.5852083409987497
361,331,2,207.29244935502584,36,90,180,M,1.2,1953.5400000000002,2344.248,159.6151860033699,4.145848987100517,0.20729244935502583
422,421,9,55.29906953471884,40,70,165,M,1.5,1590.9070000000002,2386.3605000000002,146.54253426700492,4.976916258124695,1.7695702251110028
173,271,1,75.61434903269245,50,90,165,M,1.5,1802.0770000000002,2703.1155000000003,180.71829418813496,20.415874238826962,10.586008864576943
370,205,1,272.92876854402755,40,90,180,M,1.75,1930.8320000000003,3378.9560000000006,652.2997568202259,73.69076750688744,38.21002759616386
464,140,8,92.44884305375234,25,90,155,M,2.0,1896.0120000000002,3792.0240000000003,38.828514082575985,3.1432606638275797,0.9244884305375234
413,465,2,127.74137247536898,36,90,155,M,1.2,1833.565,2200.278,98.3608568060341,2.5548274495073797,0.12774137247536899
220,101,9,93.85921939388425,36,80,165,M,1.75,1747.585,3058.2737500000003,248.72693139379325,8.447329745449581,3.003495020604296
450,336,8,128.36788604693146,40,60,175,M,1.75,1504.9270000000001,2633.6222500000003,53.91451213971121,4.36450812559567,1.2836788604693146
190,316,9,271.5573205440561,30,75,165,M,1.2,1714.662,2057.5944,719.6268994417486,24.440158848965048,8.689834257409796
331,86,6,223.180903450202,36,80,175,M,2.0,1795.575,3591.15,345.93040034781313,29.01351744852626,24.54989937952222
312,63,5,186.18052312971352,30,70,165,F,2.0,1476.1529999999998,2952.3059999999996,96.81387202745104,0.9309026156485676,0.37236104625942706
317,416,0,79.50503978246743,25,90,165,F,1.2,1682.743,2019.2915999999998,103.35655171720767,1.9876259945616859,0.2385151193474023
289,295,5,265.6123925777425,30,70,170,M,1.75,1671.672,2925.426,138.1184441404261,1.3280619628887127,0.5312247851554851
403,244,6,92.83145612146916,40,90,180,M,2.0,1930.8320000000003,3861.6640000000007,143.8887569882772,12.06808929579099,10.211460173361608
228,358,6,217.60070071057729,30,60,165,F,1.75,1383.683,2421.4452499999998,337.2810861013948,28.288091092375048,23.936077078163503
260,370,11,107.40797297067007,36,70,165,F,1.75,1450.1729999999998,2537.80275,148.2230026995247,4.833358783680153,2.1481594594134017
278,463,11,108.87743067704571,36,75,165,M,2.0,1680.6,3361.2,150.25085433432307,4.899484380467057,2.1775486135409143
175,358,6,160.28135012361355,36,75,175,M,1.2,1728.59,2074.308,248.436092691601,20.83657551606976,17.63094851359749
76,341,7,67.83216361607026,25,80,170,M,1.5,1834.0270000000003,2751.0405000000005,169.58040904017565,17.63636254017827,10.174824542410539
219,113,2,260.5848364641529,30,80,180,M,1.75,1853.632,3243.856,200.65032407739773,5.211696729283058,0.26058483646415287
489,101,4,249.69358135883317,40,90,180,F,2.0,1664.2630000000001,3328.5260000000003,62.42339533970829,4.494484464458997,0.49938716271766637
480,226,1,183.94261727841436,50,60,155,M,1.75,1352.1770000000001,2366.3097500000003,439.6228552954103,49.66450666517188,25.751966418978014
312,99,3,275.0031714762304,25,70,165,F,1.75,1497.8029999999999,2621.15525,566.5065332410347,60.500697724770696,33.00038057714765
330,499,8,260.81778323016533,25,60,155,F,2.0,1374.353,2748.706,109.54346895666943,8.867804629825622,2.6081778323016533
438,180,6,209.90118228125334,50,75,175,M,1.75,1649.112,2885.946,325.34683253594267,27.287153696562935,23.089130050937868
369,109,1,176.1666853794797,50,90,165,M,1.75,1802.0770000000002,3153.63475,421.0383780569565,47.565005052459526,24.66333595312716
269,324,6,102.98666099823845,30,80,170,F,1.75,1584.1129999999998,2772.19775,159.6293245472696,13.388265929770998,11.328532709806229
463,478,2,107.61665029656096,30,90,155,F,1.5,1630.113,2445.1695,82.86482072835194,2.152333005931219,0.10761665029656096
430,314,2,250.32529331417524,25,70,175,F,1.75,1528.783,2675.37025,192.75047585191493,5.006505866283505,0.25032529331417525
426,171,11,183.9052151947527,36,80,155,M,2.0,1699.595,3399.19,253.78919696875872,8.275734683763872,3.6781043038950543
118,294,8,119.17531571792566,30,80,155,M,1.2,1733.6570000000002,2080.3884000000003,50.053632601528776,4.051960734409473,1.1917531571792566
280,256,5,140.73047092677496,40,60,155,M,1.5,1408.9470000000001,2113.4205,73.17984488192297,0.7036523546338748,0.2814609418535499
393,204,10,264.3219699049465,25,60,170,F,2.0,1420.8229999999999,2841.6459999999997,1062.5743190178848,66.08049247623663,87.22625006863235
409,59,9,197.5295335442201,30,80,175,M,1.75,1829.6370000000002,3201.86475,523.4532638921833,17.777658018979807,6.320945073415043
73,83,11,187.52583066500628,30,90,175,M,1.5,1963.6070000000004,2945.410500000001,258.78564631770865,8.438662379925283,3.7505166133001255
153,205,6,151.66669537331717,30,80,170,F,1.5,1584.1129999999998,2376.1695,235.08337782864163,19.71667039853123,16.68333649106489
463,78,5,59.03914702301528,30,75,170,M,1.2,1738.6570000000002,2086.3884000000003,30.70035645196795,0.2951957351150764,0.11807829404603057
109,217,0,248.56592522853745,50,60,175,M,1.2,1448.1570000000002,1737.7884000000001,323.1357027970987,6.214148130713436,0.7456977756856124
143,487,0,116.23579248885505,50,80,180,M,2.0,1740.092,3480.184,151.10653023551157,2.9058948122213764,0.34870737746656516
359,223,4,179.01619039103116,36,90,180,F,1.2,1681.583,2017.8996,44.75404759775779,3.222291427038561,0.35803238078206234
160,375,11,120.21225087954109,50,90,170,M,2.0,1826.0720000000001,3652.1440000000002,165.89290621376668,5.4095512895793485,2.4042450175908217
95,451,5,117.86002308911237,50,80,155,M,1.5,1620.1170000000002,2430.1755000000003,61.287212006338436,0.5893001154455619,0.23572004617822476
64,364,7,76.25320445540605,36,80,170,F,2.0,1558.1329999999998,3116.2659999999996,190.63301113851512,19.825833158405572,11.437980668310907
209,362,4,118.02792701278482,30,70,155,F,2.0,1445.173,2890.346,29.506981753196204,2.124502686230127,0.23605585402556964
193,459,7,240.74195739891863,25,80,175,F,1.5,1621.2530000000002,2431.8795,601.8548934972965,62.592908923718845,36.111293609837794
294,107,5,293.6889780279687,25,80,165,F,1.2,1590.2730000000001,1908.3276,152.7182685745437,1.4684448901398435,0.5873779560559373
51,301,5,254.3996908483928,25,90,165,F,1.75,1682.743,2944.80025,132.28783924116425,1.271998454241964,0.5087993816967856
202,63,1,138.077848145703,30,70,165,M,1.2,1647.6770000000001,1977.2124000000001,330.0060570682302,37.281018999339814,19.33089874039842
307,449,3,236.9236934490998,50,80,170,F,1.2,1497.513,1797.0156,488.0628085051456,52.12321255880196,28.430843213891976
465,247,0,260.1572309370331,40,90,155,M,1.75,1810.8570000000002,3168.9997500000004,338.204400218143,6.503930773425828,0.7804716928110993
488,127,9,134.2668113104205,30,70,165,M,2.0,1647.6770000000001,3295.3540000000003,355.8070499726143,12.084013017937846,4.296537961933456
442,96,6,165.98994481057534,40,70,165,M,1.5,1590.9070000000002,2386.3605000000002,257.2844144563918,21.578692825374794,18.25889392916329
65,402,5,266.07555686795956,40,90,180,F,1.2,1664.2630000000001,1997.1156,138.359289571339,1.330377784339798,0.5321511137359192
239,99,9,146.17301547670263,36,70,155,F,1.5,1419.1930000000002,2128.7895000000003,387.358491013262,13.155571392903235,4.6775364952544844
497,480,6,253.14521669865647,40,80,175,F,1.5,1556.303,2334.4545000000003,392.3750858829175,32.90887817082534,27.845973836852213
233,374,4,174.0160253129588,30,60,180,M,2.0,1585.692,3171.384,43.5040063282397,3.1322884556332586,0.3480320506259176
254,362,8,182.36956281307044,36,70,155,F,1.2,1419.1930000000002,1703.0316000000003,76.59521638148958,6.200565135644395,1.8236956281307044
302,203,7,211.31253795927435,30,60,165,F,2.0,1383.683,2767.366,528.2813448981859,54.94125986941133,31.696880693891153
208,148,7,282.84253994240123,40,90,155,M,1.2,1810.8570000000002,2173.0284,707.1063498560031,73.53906038502433,42.42638099136018
104,83,10,88.8548620276796,36,70,170,M,1.5,1637.61,2456.415,357.19654535127194,22.2137155069199,29.32210446913427
293,150,7,65.93410836792982,25,80,180,M,1.5,1882.017,2823.0255,164.83527091982455,17.142868175661754,9.890116255189474
419,216,9,72.5347384128039,50,60,165,M,2.0,1400.1670000000001,2800.3340000000003,192.21705679393034,6.528126457152351,2.321111629209725
230,320,7,126.28216640118504,30,60,170,F,1.2,1399.1729999999998,1679.0075999999997,315.7054160029626,32.83336326430811,18.942324960177753
155,260,7,53.18312256250117,40,90,170,M,1.5,1882.842,2824.263,132.95780640625293,13.827611866250304,7.977468384375175
369,50,0,209.01421622099872,50,70,155,F,1.2,1358.573,1630.2876,271.71848108729836,5.225355405524969,0.6270426486629962
433,150,3,66.60390990968888,36,70,170,F,1.2,1465.663,1758.7956,137.20405441395908,14.652860180131555,7.992469189162666
99,110,8,122.80903621350483,25,60,180,F,1.2,1451.8029999999999,1742.1635999999999,51.57979520967203,4.175507231259164,1.2280903621350483
474,312,8,128.4224288986532,40,80,175,M,1.5,1772.8670000000002,2659.3005000000003,53.937420137434344,4.36636258255421,1.284224288986532
197,476,1,97.6723961638145,36,80,175,M,2.0,1795.575,3591.15,233.43702683151665,26.371546964229918,13.67413546293403
178,469,7,84.02406431470556,30,60,180,M,2.0,1585.692,3171.384,210.0601607867639,21.846256721823444,12.603609647205833
438,60,8,62.735121588913515,25,70,180,M,1.5,1748.0470000000003,2622.0705000000003,26.348751067343674,2.13299413402306,0.6273512158891351
220,264,7,61.78867148721688,40,70,180,F,1.5,1479.323,2218.9845,154.4716787180422,16.06505458667639,9.268300723082532
258,232,4,182.49705291476175,36,80,165,F,2.0,1542.643,3085.286,45.62426322869044,3.284946952465712,0.3649941058295235
191,478,11,237.83063158889956,25,60,175,F,1.2,1436.313,1723.5756000000001,328.2062715926814,10.70237842150048,4.756612631777991
273,461,1,209.68957355029187,50,75,180,F,1.75,1482.2579999999998,2593.9514999999997,501.15808078519757,56.616184858578805,29.356540297040866
451,308,4,61.36703001981479,50,60,180,M,1.5,1472.152,2208.228,15.341757504953698,1.1046065403566663,0.12273406003962958
343,442,6,192.8231739965334,40,80,170,M,1.2,1748.8720000000003,2098.6464,298.87591969462676,25.06701261954934,21.210549139618674
154,362,3,264.8892849074686,36,75,155,M,1.75,1632.61,2857.0674999999997,545.6719269093853,58.27564267964309,31.78671418889623
281,440,5,108.09957895131288,36,90,175,F,1.5,1666.0929999999998,2499.1394999999998,56.211781054682696,0.5404978947565644,0.21619915790262575
171,337,11,221.8358068293239,30,75,170,M,1.5,1738.6570000000002,2607.9855000000002,306.13341342446694,9.982611307319575,4.436716136586478
406,377,6,296.142351870435,25,70,175,F,1.2,1528.783,1834.5395999999998,459.02064539917427,38.49850574315655,32.57565870574785
364,218,5,253.75064329587704,36,60,175,F,1.5,1388.683,2083.0245,131.95033451385606,1.2687532164793853,0.5075012865917541
418,210,10,193.75851043428236,50,90,180,M,1.75,1874.0620000000004,3279.6085000000007,778.909211945815,48.43962760857059,63.94030844331318
451,413,6,279.79545922451535,50,75,175,F,1.75,1466.768,2566.844,433.6829617979988,36.373409699187,30.77750051469669
107,462,3,69.67679941546788,40,60,165,F,1.2,1340.383,1608.4596,143.53420679586384,15.328895871402935,8.361215929856145
184,483,4,110.50358278676796,50,60,170,F,1.2,1312.5729999999999,1575.0875999999998,27.62589569669199,1.9890644901618235,0.22100716557353595
119,490,4,297.1200498977156,36,70,165,F,1.5,1450.1729999999998,2175.2594999999997,74.2800124744289,5.3481608981588815,0.5942400997954312
222,194,2,218.96626489471535,40,75,180,F,1.5,1525.5579999999998,2288.3369999999995,168.60402396893082,4.379325297894307,0.21896626489471535
484,252,7,101.52439950764578,50,80,155,F,2.0,1451.0430000000001,2902.0860000000002,253.81099876911446,26.396343871987906,15.228659926146866
329,350,8,234.00843533929523,25,75,170,F,1.2,1559.5279999999998,1871.4335999999996,98.28354284250399,7.956286801536039,2.3400843533929523
64,449,2,170.00574318815902,40,70,180,M,1.75,1662.8920000000003,2910.0610000000006,130.90442225488243,3.4001148637631804,0.17000574318815903
341,358,3,237.90827690931226,36,90,180,M,1.5,1953.5400000000002,2930.3100000000004,490.0910504331833,52.3398209200487,28.54899322911747
122,270,6,271.7858150770322,30,75,155,M,1.2,1666.672,2000.0064,421.26801336939997,35.33215596001419,29.896439658473543
94,284,10,178.71926866940157,25,70,165,F,1.75,1497.8029999999999,2621.15525,718.4514600509942,44.67981716735039,58.977358660902524
273,357,4,90.2466871354028,40,90,170,F,1.75,1633.2830000000001,2858.2452500000004,22.5616717838507,1.6244403684372506,0.18049337427080558
149,286,3,296.2515035460756,36,60,180,M,2.0,1551.6299999999999,3103.2599999999998,610.2780973049157,65.17533078013663,35.55018042552907
291,80,11,250.30843164960015,36,70,180,M,1.5,1685.6000000000001,2528.4,345.42563567644817,11.263879424232007,5.006168632992003
482,393,4,87.04842363166219,36,80,165,F,1.2,1542.643,1851.1716,21.762105907915547,1.5668716253699195,0.1740968472633244
380,144,6,230.82257180827486,50,90,180,M,1.2,1874.0620000000004,2248.8744,357.77498630282605,30.006934335075734,25.390482898910236
399,186,7,289.66273510247277,25,70,165,M,1.75,1676.0620000000001,2933.1085000000003,724.1568377561819,75.31231112664292,43.449410265370915
224,246,7,141.67315216230918,30,75,170,F,1.5,1537.8779999999997,2306.8169999999996,354.18288040577295,36.83501956220039,21.250972824346377
497,487,10,216.59673546114806,50,80,165,M,2.0,1668.1070000000002,3336.2140000000004,870.7188765538151,54.149183865287014,71.47692270217887
59,450,7,235.2448065574978,40,90,170,F,1.2,1633.2830000000001,1959.9396000000002,588.1120163937445,61.163649704949435,35.28672098362467
154,339,2,84.84082161135802,30,90,170,M,2.0,1939.612,3879.224,65.32743264074568,1.6968164322271606,0.08484082161135803
498,199,7,268.54945279200433,36,70,155,F,1.2,1419.1930000000002,1703.0316000000003,671.3736319800108,69.82285772592112,40.28241791880065
260,341,6,203.23400806640495,30,80,180,F,1.75,1615.0929999999998,2826.4127499999995,315.0127125029277,26.420421048632644,22.355740887304545
166,275,4,265.42073973273943,30,80,165,M,1.75,1781.6470000000002,3117.88225,66.35518493318486,4.7775733151893105,0.5308414794654789
82,452,1,296.80999602761716,36,80,170,M,1.75,1771.5800000000002,3100.2650000000003,709.375890506005,80.13869892745664,41.553399443866404
433,269,3,179.30467849515088,40,60,155,M,2.0,1408.9470000000001,2817.8940000000002,369.36763770001085,39.44702926893319,21.516561419418103
244,402,5,129.2152704543917,25,80,175,M,1.75,1858.0220000000002,3251.5385,67.19194063628369,0.6460763522719586,0.2584305409087834
109,387,5,218.14127427804937,36,80,155,F,2.0,1511.663,3023.326,113.43346262458567,1.090706371390247,0.4362825485560987
218,269,1,292.66182335211204,50,80,175,F,1.75,1513.0030000000002,2647.75525,699.4617578115478,79.01869230507026,40.972655269295686
66,134,6,255.5662836782563,50,90,165,F,1.75,1574.493,2755.36275,396.1277397012973,33.22361687817332,28.112291204608194
372,257,4,138.38440899992594,40,60,155,M,1.5,1408.9470000000001,2113.4205,34.596102249981485,2.4909193619986674,0.27676881799985187
261,256,5,182.39377006324963,30,70,165,F,1.5,1476.1529999999998,2214.2294999999995,94.84476043288981,0.9119688503162482,0.3647875401264993
247,344,6,118.71682577852201,30,90,155,M,1.5,1867.6270000000002,2801.4405,184.01107995670912,15.433187351207861,13.05885083563742
467,62,5,289.60371004386406,25,90,175,F,1.75,1713.723,2999.01525,150.59392922280932,1.4480185502193204,0.5792074200877281
260,247,2,267.5161379820845,25,70,180,F,2.0,1544.2730000000001,3088.5460000000003,205.98742624620508,5.35032275964169,0.2675161379820845
206,362,11,244.96118274645963,40,80,180,M,1.75,1796.862,3144.5085,338.0464321901143,11.023253223590682,4.899223654929193
192,90,5,226.70730248662954,36,80,180,F,1.2,1589.1129999999998,1906.9355999999998,117.88779729304737,1.1335365124331478,0.4534146049732591
184,141,10,216.54798899082584,25,80,155,M,2.0,1762.0420000000001,3524.0840000000003,870.5229157431198,54.13699724770646,71.46083636697253
407,294,5,110.24226413606601,36,80,175,F,1.2,1573.623,1888.3476,57.32597735075433,0.5512113206803301,0.22048452827213202
151,56,3,276.3780353531542,40,70,180,M,1.75,1662.8920000000003,2910.0610000000006,569.3387528274976,60.80316777769392,33.1653642423785
216,105,5,165.823129845195,36,60,155,M,1.2,1431.655,1717.9859999999999,86.22802751950141,0.829115649225975,0.33164625969039
264,252,10,64.19787143362727,40,90,175,M,1.2,1906.8370000000004,2288.2044000000005,258.0754431631816,16.049467858406818,21.185297573097
443,60,1,121.80489213147872,25,70,170,F,1.75,1513.2930000000001,2648.2627500000003,291.11369219423415,32.887320875499256,17.052684898407023
333,89,6,272.7482981456992,25,75,155,F,1.2,1513.058,1815.6696,422.75986212583376,35.4572787589409,30.002312796026914
245,160,10,171.68679495775456,25,80,165,M,1.75,1810.0320000000002,3167.5560000000005,690.1809157301733,42.92169873943864,56.65664233605901
129,353,10,202.10906149305237,25,80,170,F,1.5,1605.763,2408.6445,812.4784272020704,50.52726537326309,66.69599029270728
150,220,6,118.36304693299994,40,80,170,F,2.0,1540.8129999999999,3081.6259999999997,183.4627227461499,15.387196101289993,13.019935162629993
407,472,1,73.83413462903691,30,90,155,M,1.75,1867.6270000000002,3268.3472500000003,176.46358176339822,19.935216349839965,10.336778848065169
336,115,6,155.55125981919076,25,90,165,F,2.0,1682.743,3365.486,241.1044527197457,20.2216637764948,17.110638580110983
346,428,10,155.97158153199862,36,90,175,F,1.2,1666.0929999999998,1999.3115999999998,627.0057577586344,38.992895382999656,51.47062190555955
437,109,9,88.85909623440676,50,90,180,F,1.5,1620.9630000000002,2431.4445000000005,235.4766050211779,7.9973186610966085,2.8434910795010166
378,172,7,298.22984415467147,25,75,175,M,1.2,1791.037,2149.2444,745.5746103866786,77.53975948021458,44.73447662320072
109,64,2,130.6383654819871,50,75,175,F,1.75,1466.768,2566.844,100.59154142113007,2.612767309639742,0.13063836548198712
462,384,8,70.16094087180309,36,70,170,F,1.2,1465.663,1758.7956,29.4675951661573,2.3854719896413052,0.7016094087180309
144,367,8,181.66634381865057,40,60,155,M,1.5,1408.9470000000001,2113.4205,76.29986440383324,6.17665568983412,1.8166634381865059
345,382,7,276.4561796855719,30,75,170,M,2.0,1738.6570000000002,3477.3140000000003,691.1404492139297,71.87860671824869,41.468426952835785
106,112,7,140.01481999741083,40,75,180,M,1.5,1729.877,2594.8154999999997,350.03704999352703,36.40385319932682,21.00222299961162
373,466,7,111.60313077156019,30,80,175,M,1.75,1829.6370000000002,3201.86475,279.0078269289005,29.01681400060565,16.74046961573403
363,349,3,296.15094802193903,30,70,155,F,2.0,1445.173,2890.346,610.0709529251944,65.15320856482658,35.53811376263268
438,247,2,178.55744834485304,30,90,170,F,2.0,1676.583,3353.166,137.48923522553685,3.571148966897061,0.17855744834485304
161,336,8,111.17014455833902,36,75,180,F,2.0,1542.8779999999997,3085.7559999999994,46.691460714502384,3.779784914983527,1.1117014455833902
171,319,3,107.01139578251049,25,60,165,F,2.0,1405.333,2810.666,220.4434753119716,23.542507072152308,12.841367493901258
161,180,3,125.75131002051893,36,80,165,M,1.5,1747.585,2621.3775,259.047698642269,27.665288204514166,15.09015720246227
189,348,8,274.23946191098014,30,80,180,F,2.0,1615.0929999999998,3230.1859999999997,115.18057400261165,9.324141704973325,2.7423946191098016
234,193,9,235.33783715715876,30,80,180,M,1.75,1853.632,3243.856,623.6452684664707,21.180405344144287,7.53081078902908
138,69,1,233.09558739871238,40,75,170,F,1.2,1494.5779999999997,1793.4935999999996,557.0984538829226,62.93580859765235,32.63338223581974
386,483,5,82.04834395549989,30,60,180,M,1.75,1585.692,2774.9610000000002,42.66513885685994,0.41024171977749946,0.16409668791099977
410,286,11,167.48063385133662,25,90,175,M,2.0,1991.9920000000004,3983.984000000001,231.1232747148445,7.5366285233101475,3.3496126770267325
262,306,11,58.572142571893956,36,75,170,F,1.5,1511.8979999999997,2267.8469999999998,80.82955674921365,2.6357464157352277,1.1714428514378792
214,383,0,193.5723828706423,30,80,170,F,1.5,1584.1129999999998,2376.1695,251.644097731835,4.839309571766058,0.5807171486119269
457,370,9,128.52901631283572,30,90,175,M,1.2,1963.6070000000004,2356.3284000000003,340.60189322901465,11.567611468155215,4.112928522010743
383,323,0,239.2755468725392,25,70,165,F,1.2,1497.8029999999999,1797.3636,311.058210934301,5.98188867181348,0.7178266406176176
218,242,1,214.7049440112826,25,80,175,F,1.5,1621.2530000000002,2431.8795,513.1448161869655,57.970334883046306,30.058692161579568
206,153,5,189.84971109461404,30,80,180,F,1.75,1615.0929999999998,2826.4127499999995,98.72184976919931,0.9492485554730702,0.3796994221892281
133,52,4,133.18457614078852,36,80,180,F,1.75,1589.1129999999998,2780.94775,33.29614403519713,2.3973223705341935,0.26636915228157704
318,140,4,136.50223972048747,25,70,175,F,1.5,1528.783,2293.1745,34.12555993012187,2.4570403149687747,0.27300447944097495
316,162,9,174.42996618285628,40,80,180,M,1.5,1796.862,2695.293,462.2394103845691,15.698696956457065,5.581758917851401
345,302,10,88.78829873314926,40,70,155,M,1.2,1542.9170000000001,1851.5004000000001,356.92896090726,22.197074683287315,29.300138581939258
160,324,10,64.72360589246952,36,70,155,F,1.5,1419.1930000000002,2128.7895000000003,260.18889568772744,16.18090147311738,21.358789944514943
323,339,1,53.96729385230332,30,60,170,F,1.5,1399.1729999999998,2098.7594999999997,128.98183230700494,14.571169340121898,7.5554211393224655
336,342,3,93.83652054241662,25,80,155,M,1.5,1762.0420000000001,2643.063,193.30323231737825,20.644034519331658,11.260382465089995
455,246,5,81.07642826945717,50,90,175,F,1.2,1605.473,1926.5675999999999,42.159742700117725,0.40538214134728584,0.16215285653891434
257,467,11,188.0855590097564,50,80,175,M,1.5,1716.0970000000002,2574.1455000000005,259.5580714334638,8.463850155439037,3.761711180195128
192,107,8,244.4940087689513,36,90,170,M,1.2,1905.55,2286.66,102.68748368295954,8.312796298144345,2.444940087689513
385,436,10,51.77242732482269,40,60,170,F,1.75,1355.8729999999998,2372.7777499999997,208.1251578457872,12.943106831205672,17.084901017191488
86,130,8,228.55118666274697,36,70,155,F,1.5,1419.1930000000002,2128.7895000000003,95.99149839835373,7.7707403465333975,2.28551186662747
120,341,5,291.37792697148626,50,90,175,M,1.2,1850.0670000000005,2220.0804000000003,151.51652202517286,1.4568896348574314,0.5827558539429726
327,431,5,246.07346193850523,40,60,175,M,1.5,1504.9270000000001,2257.3905000000004,127.95820020802273,1.2303673096925263,0.4921469238770105
436,412,5,164.2550338784952,40,75,165,M,1.2,1657.892,1989.4704,85.4126176168175,0.821275169392476,0.3285100677569904
372,93,9,190.01714225388338,25,80,165,F,1.5,1590.2730000000001,2385.4095,503.54542697279095,17.101542802849504,6.080548552124268
257,97,0,231.6503497604742,36,90,180,M,1.2,1953.5400000000002,2344.248,301.1454546886165,5.791258744011856,0.6949510492814226
461,349,4,104.92585873158626,30,60,180,F,1.2,1430.1529999999998,1716.1835999999996,26.231464682896565,1.8886654571685528,0.20985171746317252
271,56,8,92.08265822863817,25,70,165,F,2.0,1497.8029999999999,2995.6059999999998,38.67471645602803,3.1308103797736977,0.9208265822863817
131,238,6,207.15516513772417,36,70,165,F,2.0,1450.1729999999998,2900.3459999999995,321.0905059634725,26.93017146790414,22.78706816514966
251,326,4,115.50793922700268,50,60,175,F,1.2,1328.063,1593.6756,28.87698480675067,2.0791429060860485,0.23101587845400537
381,72,8,98.04255494284325,50,70,155,M,1.2,1486.1470000000002,1783.3764,41.177873075994164,3.333446868056671,0.9804255494284325
223,400,3,179.581915114165,40,70,170,M,2.0,1614.902,3229.804,369.93874513517994,39.5080213251163,21.5498298136998
213,126,4,98.57986277683221,25,75,165,F,1.5,1544.038,2316.057,24.644965694208054,1.77443752998298,0.19715972555366443
321,442,0,59.6724635825898,40,75,170,M,1.5,1681.8870000000002,2522.8305,77.57420265736674,1.491811589564745,0.1790173907477694
341,454,5,69.05192680273332,30,75,180,M,2.0,1786.647,3573.294,35.90700193742133,0.3452596340136666,0.13810385360546665
225,186,6,82.07918690883413,25,80,170,M,1.5,1834.0270000000003,2751.0405000000005,127.22273970869291,10.670294298148438,9.028710559971755
388,192,10,58.891295893949405,30,90,175,F,1.2,1692.0729999999999,2030.4875999999997,236.7430094936766,14.722823973487351,19.434127645003304
479,262,11,68.40501121195246,50,90,175,M,1.2,1850.0670000000005,2220.0804000000003,94.39891547249438,3.0782255045378606,1.3681002242390492
366,139,7,138.25446041567133,36,75,175,M,2.0,1728.59,3457.18,345.63615103917834,35.946159708074546,20.7381690623507
142,339,3,223.87069905346053,25,75,175,M,2.0,1791.037,3582.074,461.1736400501287,49.25155379176132,26.86448388641526
143,98,6,185.6142139909459,36,75,170,F,2.0,1511.8979999999997,3023.7959999999994,287.7020316859662,24.129847818822967,20.41756353900405
58,158,4,89.67075985282372,25,90,180,F,1.2,1729.2130000000002,2075.0556,22.41768996320593,1.614073677350827,0.17934151970564743
374,248,11,173.88355064745457,50,90,155,F,1.75,1543.5130000000001,2701.14775,239.9592998934873,7.824759779135455,3.4776710129490915
338,105,0,231.51300505753525,40,75,175,F,1.2,1510.068,1812.0816,300.9669065747958,5.787825126438381,0.6945390151726057
371,396,4,264.1263471730555,25,90,170,F,1.2,1698.2330000000002,2037.8796000000002,66.03158679326387,4.754274249114999,0.528252694346111
235,227,7,102.15338704672513,50,75,170,M,1.5,1625.1170000000002,2437.6755000000003,255.38346761681282,26.559880632148534,15.323008057008769
384,300,0,167.26915340705446,40,60,175,M,1.5,1504.9270000000001,2257.3905000000004,217.4498994291708,4.1817288351763615,0.5018074602211634
498,416,4,101.79110516297136,40,70,175,M,1.75,1638.8970000000002,2868.06975,25.44777629074284,1.8322398929334847,0.20358221032594273
488,188,4,102.84205464901746,25,60,180,F,1.2,1451.8029999999999,1742.1635999999999,25.710513662254364,1.8511569836823145,0.2056841092980349
52,384,4,267.75321836658543,50,90,170,F,2.0,1589.9830000000002,3179.9660000000003,66.93830459164636,4.819557930598538,0.5355064367331709
476,329,9,101.22918590957912,50,90,165,F,1.75,1574.493,2755.36275,268.25734266038467,9.11062673186212,3.239333949106532
488,53,10,251.95819150607497,30,80,180,M,1.75,1853.632,3243.856,1012.8719298544213,62.98954787651874,83.14620319700474
411,452,11,266.50465326628694,50,70,175,M,1.75,1582.1270000000002,2768.7222500000003,367.77642150747596,11.992709396982912,5.330093065325739
385,191,0,290.2712692890871,40,90,155,M,1.2,1810.8570000000002,2173.0284,377.35265007581324,7.256781732227179,0.8708138078672614
146,385,11,278.7033712410298,36,60,180,F,1.2,1404.1729999999998,1685.0075999999997,384.6106523126211,12.541651705846341,5.574067424820596
148,482,1,162.91539340100096,36,90,175,M,2.0,1929.5450000000003,3859.0900000000006,389.3677902283923,43.98715621827026,22.808155076140135
98,96,9,260.0870881407752,40,75,155,F,2.0,1448.108,2896.216,689.2307835730543,23.407837932669768,8.322786820504808
61,216,7,241.33830182605715,25,80,165,F,2.0,1590.2730000000001,3180.5460000000003,603.3457545651429,62.74795847477486,36.20074527390857
292,414,3,79.63592454919501,40,70,175,M,1.2,1638.8970000000002,1966.6764,164.05000457134173,17.5199034008229,9.556310945903402
339,393,1,209.8077296513877,50,80,175,M,1.2,1716.0970000000002,2059.3164,501.4404738668166,56.64808700587468,29.37308215119428
95,397,0,75.31091574056146,30,75,165,M,1.75,1714.662,3000.6585,97.9041904627299,1.8827728935140364,0.22593274722168438
103,255,4,236.41030650701117,36,70,180,F,1.2,1496.643,1795.9716,59.10257662675279,4.255385517126202,0.47282061301402234
183,361,6,293.1362099371522,36,60,170,F,2.0,1373.1929999999998,2746.3859999999995,454.36112540258597,38.10770729182979,32.244983093086745
64,496,9,105.61951440939286,36,60,175,M,1.5,1527.635,2291.4525,279.8917131848911,9.505756296845357,3.3798244611005717
247,143,3,168.44309232448904,30,75,170,M,1.75,1738.6570000000002,3042.6497500000005,346.9927701884474,37.05748031138759,20.213171078938686
200,60,8,195.8351993378229,40,90,180,M,2.0,1930.8320000000003,3861.6640000000007,82.25078372188561,6.658396777485979,1.958351993378229
75,117,2,69.37706371687747,50,60,165,M,2.0,1400.1670000000001,2800.3340000000003,53.420339061995655,1.3875412743375495,0.06937706371687748
238,185,3,237.44813918450438,36,60,165,M,1.75,1479.645,2589.37875,489.143166720079,52.23859062059096,28.493776702140526
314,126,7,157.45567518283994,50,60,180,M,2.0,1472.152,2944.304,393.63918795709986,40.93847554753839,23.61835127742599
182,130,1,266.6650622038863,30,70,165,F,1.5,1476.1529999999998,2214.2294999999995,637.3294986672882,71.9995667950493,37.33310870854408
268,243,9,93.22969316619066,50,80,170,F,1.75,1497.513,2620.64775,247.05868689040523,8.390672384957158,2.983350181318101
263,54,6,117.54518027526024,40,80,155,F,1.2,1494.343,1793.2116,182.19502942665338,15.280873435783832,12.929969830278626
336,331,3,188.27602665964764,30,70,175,M,1.2,1695.6670000000001,2034.8004,387.84861491887415,41.420725865122485,22.593123199157716
288,177,8,158.2506295887449,30,60,170,F,2.0,1399.1729999999998,2798.3459999999995,66.46526442727286,5.380521406017327,1.5825062958874492
153,407,10,83.0178347995564,40,80,180,M,2.0,1796.862,3593.724,333.73169589421667,20.7544586998891,27.39588548385361
140,180,11,52.667924060201024,40,70,180,F,1.75,1479.323,2588.81525,72.68173520307741,2.370056582709046,1.0533584812040204
180,136,8,188.92797903083869,30,60,175,F,2.0,1414.663,2829.326,79.34975119295224,6.423551287048515,1.8892797903083869
368,449,8,202.99498617137218,25,80,165,F,1.5,1590.2730000000001,2385.4095,85.2578941919763,6.901829529826655,2.029949861713722
324,490,3,273.51442780259197,30,60,165,F,1.75,1383.683,2421.4452499999998,563.4397212733395,60.17317411657023,32.82173133631103
401,109,8,187.44307996990545,25,90,170,M,1.75,1967.997,3443.9947500000003,78.72609358736028,6.373064718976786,1.8744307996990546
246,269,10,264.0662933395626,30,75,180,F,1.75,1568.8579999999997,2745.5014999999994,1061.5464992250415,66.01657333489065,87.14187680205566
425,361,2,139.0685912606894,25,90,175,M,1.5,1991.9920000000004,2987.9880000000007,107.08281527073085,2.781371825213788,0.1390685912606894
55,70,1,179.1947125275408,36,60,175,F,1.2,1388.683,1666.4196,428.2753629408225,48.38257238243602,25.08725975385571
289,340,7,228.25743901949548,36,80,165,F,1.5,1542.643,2313.9645,570.6435975487387,59.34693414506883,34.23861585292432
268,164,1,74.65005147292237,36,75,165,M,1.2,1680.6,2016.7199999999998,178.4136230202845,20.15551389768904,10.451007206209132
50,180,1,206.2258640769305,25,75,165,M,1.2,1743.047,2091.6564,492.8798151438639,55.68098330077124,28.871620970770273
387,284,2,212.73433991825416,30,70,180,M,1.5,1719.6620000000003,2579.4930000000004,163.8054417370557,4.254686798365084,0.21273433991825416
156,219,7,173.28665218559084,50,60,165,M,1.5,1400.1670000000001,2100.2505,433.2166304639771,45.05452956825362,25.992997827838625
160,356,2,253.34202185777127,50,90,170,M,2.0,1826.0720000000001,3652.1440000000002,195.07335683048387,5.066840437155426,0.25334202185777127
211,109,10,130.36796776727266,50,90,175,M,1.75,1850.0670000000005,3237.6172500000007,524.079230424436,32.591991941818165,43.02142936319998
318,257,9,241.66147060336291,40,60,165,F,1.5,1340.383,2010.5745000000002,640.4028970989117,21.749532354302662,7.733167059307614
257,435,10,130.1684808217301,50,60,170,M,2.0,1424.1620000000003,2848.3240000000005,523.2772929033549,32.542120205432525,42.95559867117093
142,155,2,115.54144693621619,30,70,170,F,1.75,1491.643,2610.37525,88.96691414088647,2.310828938724324,0.1155414469362162
422,102,0,123.86702894510469,40,75,180,F,2.0,1525.5579999999998,3051.1159999999995,161.0271376286361,3.0966757236276177,0.37160108683531407
473,334,9,161.9124094121701,36,60,170,M,1.2,1503.64,1804.3680000000002,429.0678849422507,14.572116847095307,5.181197101189443
277,188,9,81.30471570863772,40,70,165,M,1.2,1590.9070000000002,1909.0884,215.45749662788995,7.3174244137773945,2.601750902676407
172,81,2,255.94646384375108,30,70,165,M,2.0,1647.6770000000001,3295.3540000000003,197.07877715968834,5.118929276875021,0.2559464638437511
395,174,2,203.13659218760475,25,60,165,F,1.5,1405.333,2107.9995,156.41517598445566,4.062731843752095,0.20313659218760474
184,418,8,250.44718877305223,50,60,175,F,1.2,1328.063,1593.6756,105.18781928468194,8.515204418283776,2.5044718877305225
144,415,11,135.52982638804616,30,80,180,M,1.5,1853.632,2780.4480000000003,187.03116041550368,6.098842187462077,2.710596527760923
311,207,8,298.6578083453487,25,80,170,F,2.0,1605.763,3211.526,125.43627950504646,10.154365483741858,2.986578083453487
455,475,8,155.2085426678709,25,60,165,M,1.2,1542.092,1850.5104000000001,65.18758792050578,5.27709045070761,1.552085426678709
146,381,8,250.61073947183056,30,80,165,F,1.5,1568.623,2352.9345000000003,105.25651057816883,8.52076514204224,2.5061073947183057
414,341,2,57.09111598999404,50,60,180,M,1.5,1472.152,2208.228,43.96015931229541,1.1418223197998807,0.057091115989994036
237,477,8,167.3000708525497,25,80,165,F,2.0,1590.2730000000001,3180.5460000000003,70.26602975807087,5.68820240898669,1.6730007085254972
64,315,11,127.19993709749764,25,75,165,M,2.0,1743.047,3486.094,175.53591319454674,5.723997169387394,2.543998741949953
455,285,11,288.4150161359896,36,75,170,F,1.2,1511.8979999999997,1814.2775999999997,398.01272226766565,12.978675726119532,5.768300322719792
475,201,9,97.8443811946189,50,80,165,F,1.75,1482.0230000000001,2593.54025,259.2876101657401,8.805994307515702,3.131020198227805
91,353,8,197.75340442066386,36,90,165,M,1.75,1881.555,3292.72125,83.05642985667882,6.723615750302572,1.9775340442066387
406,214,5,270.6415345995242,40,75,155,F,1.2,1448.108,1737.7296,140.7335979917526,1.3532076729976212,0.5412830691990484
330,185,7,169.37492424868083,40,90,165,M,1.2,1858.8470000000002,2230.6164000000003,423.43731062170207,44.03748030465702,25.406238637302124
190,453,7,115.33653387816652,40,75,180,F,1.2,1525.5579999999998,1830.6695999999997,288.3413346954163,29.987498808323295,17.300480081724977
64,149,5,165.91783184960167,36,70,165,F,2.0,1450.1729999999998,2900.3459999999995,86.27727256179287,0.8295891592480084,0.33183566369920336
386,288,8,253.99642262649454,36,90,165,F,2.0,1635.1129999999998,3270.2259999999997,106.6784975031277,8.635878369300816,2.5399642262649453
152,188,9,124.49294891390763,50,90,170,M,1.5,1826.0720000000001,2739.108,329.9063146218552,11.204365402251685,3.983774365245044
96,72,10,207.8374987343728,30,80,165,M,1.2,1781.6470000000002,2137.9764,835.5067449121785,51.9593746835932,68.58637458234303
180,55,0,124.53141206897656,36,70,155,M,2.0,1565.625,3131.25,161.89083568966953,3.113285301724414,0.3735942362069297
183,451,4,85.0481381793156,40,60,155,F,1.5,1309.403,1964.1045,21.2620345448289,1.530866487227681,0.1700962763586312
379,201,2,190.94567038417887,50,70,175,M,1.2,1582.1270000000002,1898.5524,147.02816619581773,3.8189134076835773,0.19094567038417887
314,205,6,56.70788682274992,30,75,155,M,1.5,1666.672,2500.008,87.89722457526238,7.37202528695749,6.237867550502491
379,214,10,252.1613903474948,40,75,165,F,1.2,1479.088,1774.9055999999998,1013.688789196929,63.0403475868737,83.21325881467328
133,69,11,157.9261850617383,40,75,180,F,2.0,1525.5579999999998,3051.1159999999995,217.93813538519882,7.106678327778223,3.158523701234766
75,161,11,210.1720346280408,50,90,180,F,1.75,1620.9630000000002,2836.6852500000005,290.0374077866963,9.457741558261835,4.203440692560816
223,254,7,98.43740828950504,25,75,155,M,1.5,1695.057,2542.5855,246.0935207237626,25.593726155271312,14.765611243425756
422,230,8,245.70788461607663,40,70,170,F,1.2,1448.343,1738.0116,103.19731153875217,8.354068076946605,2.4570788461607664
450,451,1,231.48366512789136,30,80,175,F,1.75,1599.603,2799.3052500000003,553.2459596556604,62.50058958453067,32.40771311790479
271,100,10,84.14585964781318,25,75,155,M,2.0,1695.057,3390.114,338.26635578420894,21.036464911953296,27.768133683778352
438,394,6,56.42082861995338,30,90,165,F,1.5,1661.0929999999998,2491.6394999999998,87.45228436092775,7.33470772059394,6.206291148194873
340,105,7,133.96403640982282,40,80,155,F,1.5,1494.343,2241.5145,334.91009102455706,34.830649466553936,20.094605461473424
210,218,8,92.73414431244296,40,60,180,F,2.0,1386.8529999999998,2773.7059999999997,38.948340611226044,3.152960906623061,0.9273414431244297
399,338,9,261.4000085670861,40,60,180,F,2.0,1386.8529999999998,2773.7059999999997,692.7100227027781,23.526000771037747,8.364800274146756
441,233,1,99.20295199295035,30,80,175,F,2.0,1599.603,3199.206,237.09505526315135,26.784797038096595,13.888413279013049
462,140,7,246.82030560480584,40,90,175,F,1.75,1648.773,2885.35275,617.0507640120146,64.17327945724952,37.023045840720876
499,498,6,209.04508373671572,36,90,170,M,1.5,1905.55,2858.325,324.0198797919094,27.175860885773044,22.99495921103873
468,98,8,67.30004037749245,25,75,175,M,1.5,1791.037,2686.5555,28.266016958546828,2.2882013728347435,0.6730004037749245
439,322,8,75.56688808613636,50,70,175,M,1.2,1582.1270000000002,1898.5524,31.73809299617727,2.5692741949286364,0.7556688808613636
453,208,2,221.42940630191703,25,70,155,F,1.2,1466.823,1760.1876,170.50064285247612,4.428588126038341,0.22142940630191704
415,240,10,66.18621292388198,40,70,165,F,2.0,1432.8529999999998,2865.7059999999997,266.06857595400555,16.546553230970495,21.841450264881054
496,67,11,59.0349210457634,50,75,155,F,1.75,1404.808,2458.4139999999998,81.46819104315348,2.6565714470593527,1.180698420915268
70,486,10,52.93341728094415,25,80,175,F,1.75,1621.2530000000002,2837.19275,212.79233746939545,13.233354320236037,17.46802770271157
109,364,4,197.31425957818436,30,90,170,M,1.2,1939.612,2327.5344,49.32856489454609,3.551656672407319,0.3946285191563687
415,359,7,290.2513623479201,30,75,180,F,1.75,1568.8579999999997,2745.5014999999994,725.6284058698003,75.46535421045924,43.537704352188015
499,157,7,284.81813399722887,30,70,170,F,1.5,1491.643,2237.4645,712.0453349930722,74.0527148392795,42.72272009958433
318,420,8,263.65784848529427,30,80,155,M,1.75,1733.6570000000002,3033.8997500000005,110.73629636382358,8.964366848500006,2.6365784848529428
320,343,3,276.40137474175555,40,80,155,M,2.0,1676.8870000000002,3353.7740000000003,569.3868319680164,60.80830244318622,33.16816496901066
270,498,11,275.4249965103584,50,90,165,F,1.75,1574.493,2755.36275,380.0864951842946,12.394124842966129,5.508499930207169
209,159,8,206.93011998794407,30,80,180,F,2.0,1615.0929999999998,3230.1859999999997,86.91065039493651,7.035624079590098,2.069301199879441
253,286,1,267.2190660817988,40,60,155,M,1.75,1408.9470000000001,2465.65725,638.6535679354992,72.14914784208568,37.410669251451836
135,410,1,90.54557377940387,25,70,180,F,2.0,1544.2730000000001,3088.5460000000003,216.40392133277524,24.447304920439045,12.676380329116542
307,365,0,66.35967757505269,30,60,175,F,1.2,1414.663,1697.5955999999999,86.2675808475685,1.6589919393763173,0.19907903272515806
313,227,7,194.09578589842883,25,70,170,M,2.0,1700.057,3400.114,485.2394647460721,50.4649043335915,29.114367884764324
456,228,11,191.39198978806,50,60,180,F,1.75,1343.5529999999999,2351.21775,264.12094590752275,8.612639540462698,3.8278397957612
148,393,0,259.8073734790212,40,75,175,M,1.75,1705.882,2985.2935,337.74958552272756,6.49518433697553,0.7794221204370636
86,480,5,211.62108398227608,40,75,180,M,1.5,1729.877,2594.8154999999997,110.04296367078356,1.0581054199113804,0.42324216796455216
225,427,6,134.88806256648593,40,75,180,M,1.2,1729.877,2075.8523999999998,209.0764969780532,17.535448133643172,14.837686882313452
170,448,8,258.51699433130653,50,75,180,M,2.0,1673.107,3346.214,108.57713761914874,8.789577807264422,2.5851699433130655
467,390,0,216.2509401328601,40,70,170,F,1.75,1448.343,2534.60025,281.12622217271814,5.406273503321503,0.6487528203985803
385,406,7,271.0792314036198,30,75,180,F,1.75,1568.8579999999997,2745.5014999999994,677.6980785090495,70.48060016494115,40.66188471054297
261,467,9,125.69219878815254,30,60,180,M,2.0,1585.692,3171.384,333.0843267886042,11.312297890933728,4.0221503612208815
284,475,4,295.72427418136624,36,70,155,M,1.75,1565.625,2739.84375,73.93106854534156,5.323036935264593,0.5914485483627325
357,417,7,169.04778295087206,40,75,180,M,1.75,1729.877,3027.28475,422.61945737718014,43.95242356722674,25.357167442630807
432,92,8,237.93164650221695,50,60,155,F,1.5,1266.103,1899.1545,99.93129153093112,8.089675981075377,2.3793164650221694
294,99,2,119.19323621578837,50,60,170,M,1.5,1424.1620000000003,2136.2430000000004,91.77879188615705,2.3838647243157673,0.11919323621578838
159,379,4,146.2855070727279,50,80,165,F,1.75,1482.0230000000001,2593.54025,36.57137676818198,2.6331391273091027,0.29257101414545583
258,399,4,238.33273502401082,40,90,165,M,2.0,1858.8470000000002,3717.6940000000004,59.583183756002704,4.289989230432195,0.4766654700480216
323,306,3,55.86675499318171,40,70,170,F,2.0,1448.343,2896.686,115.08551528595432,12.290686098499975,6.704010599181805
152,436,8,153.3314616279946,30,90,175,M,1.75,1963.6070000000004,3436.312250000001,64.39921388375772,5.2132696953518165,1.533314616279946
272,470,7,236.0093294421324,30,90,155,M,2.0,1867.6270000000002,3735.2540000000004,590.023323605331,61.36242565495443,35.40139941631986
77,236,0,62.237002174637325,36,70,155,M,1.75,1565.625,2739.84375,80.90810282702853,1.5559250543659333,0.18671100652391198
444,435,10,173.52403799257405,40,70,175,M,1.2,1638.8970000000002,1966.6764,697.5666327301476,43.38100949814351,57.26293253754944
103,288,10,204.53281391723698,30,70,175,M,1.5,1695.6670000000001,2543.5005,822.2219119472926,51.133203479309245,67.49582859268821
314,357,7,147.78494878271675,30,90,170,M,1.5,1939.612,2909.418,369.4623719567919,38.42408668350636,22.167742317407512
220,251,5,162.2697445334931,25,80,180,M,1.75,1882.017,3293.52975,84.38026715741643,0.8113487226674656,0.3245394890669862
327,303,3,298.0811096635648,50,70,175,M,2.0,1582.1270000000002,3164.2540000000004,614.0470859069435,65.57784412598426,35.769733159627776
369,104,9,226.97080375354176,50,70,170,M,1.5,1558.132,2337.1980000000003,601.4726299468856,20.427372337818756,7.263065720113336
124,394,4,234.14102333880655,40,75,170,F,2.0,1494.5779999999997,2989.1559999999995,58.53525583470164,4.214538420098519,0.4682820466776131
392,233,6,175.71448224320145,40,75,155,M,1.5,1609.902,2414.853,272.35744747696225,22.84288269161619,19.328593046752157
252,257,2,165.26481569688542,50,70,175,M,2.0,1582.1270000000002,3164.2540000000004,127.25390808660178,3.3052963139377085,0.16526481569688542
218,309,10,205.77487153639117,50,80,180,F,2.0,1528.493,3056.986,827.2149835762924,51.443717884097794,67.90570760700909
202,138,9,180.2024824242025,40,90,155,F,1.5,1586.813,2380.2195,477.53657842413656,16.218223418178223,5.76647943757448
282,451,2,50.54244728578251,50,80,155,M,1.2,1620.1170000000002,1944.1404000000002,38.91768441005253,1.0108489457156502,0.050542447285782506
208,212,2,208.45490988041405,36,70,180,F,1.75,1496.643,2619.12525,160.51028060791882,4.169098197608281,0.20845490988041404
164,250,0,269.65076594533963,40,70,180,M,1.5,1662.8920000000003,2494.3380000000006,350.54599572894153,6.741269148633491,0.8089522978360189
203,495,4,146.77915930615728,30,70,175,F,1.2,1507.1329999999998,1808.5595999999998,36.69478982653932,2.6420248675108313,0.2935583186123146
344,135,8,77.94893370613855,40,70,175,M,1.75,1638.8970000000002,2868.06975,32.73855215657819,2.6502637460087106,0.7794893370613855
489,229,9,145.3708711878691,30,75,175,F,1.75,1553.368,2718.394,385.2328086478531,13.083378406908219,4.651867878011812
466,142,2,203.1478910443318,25,90,180,F,1.2,1729.2130000000002,2075.0556,156.4238761041355,4.062957820886636,0.2031478910443318
331,336,11,147.08120683699156,40,60,155,M,1.2,1408.9470000000001,1690.7364,202.97206543504834,6.618654307664619,2.941624136739831
427,76,6,58.59964185534051,25,60,155,F,1.5,1374.353,2061.5295,90.8294448757778,7.617953441194266,6.445960604087456
95,293,4,139.55709088214874,25,80,175,M,1.75,1858.0220000000002,3251.5385,34.889272720537186,2.5120276358786775,0.2791141817642975
324,53,4,274.35331486324225,50,60,180,M,1.2,1472.152,1766.5824,68.58832871581056,4.938359667538361,0.5487066297264845
315,499,1,180.56703674078125,36,60,155,F,2.0,1326.723,2653.446,431.5552178104672,48.75309992001094,25.279385143709376
50,255,8,273.9297275766289,50,60,165,F,1.5,1297.083,1945.6245000000001,115.05048558218414,9.313610737605384,2.7392972757662895
470,153,1,264.6475838828085,25,75,155,M,1.2,1695.057,2034.0683999999999,632.5077254799123,71.4548476483583,37.05066174359319
487,322,9,77.75824466588203,25,60,180,M,1.2,1614.077,1936.8924,206.05934836458738,6.998242019929383,2.488263829308225
281,365,2,238.66743830250593,40,75,175,M,1.75,1705.882,2985.2935,183.77392749292957,4.773348766050119,0.23866743830250595
225,124,3,100.19260574065729,30,80,175,F,1.75,1599.603,2799.3052500000003,206.396767825754,22.042373262944604,12.023112688878873
121,317,10,51.611669095900794,50,80,175,F,2.0,1513.0030000000002,3026.0060000000003,207.47890976552117,12.902917273975198,17.031850801647263
285,214,10,260.20130886030745,30,90,180,F,1.2,1707.563,2049.0756,1046.0092616184359,65.05032721507686,85.86643192390146
290,149,0,74.84638470063993,30,90,170,M,2.0,1939.612,3879.224,97.30030011083191,1.8711596175159984,0.2245391541019198
80,372,1,128.70912484787226,40,90,170,M,1.75,1882.842,3294.9735,307.6148083864147,34.75146370892551,18.01927747870212
81,434,2,255.11296880401932,50,90,170,M,1.2,1826.0720000000001,2191.2864,196.43698597909489,5.1022593760803865,0.25511296880401935
148,454,6,238.10010549629715,40,70,175,M,2.0,1638.8970000000002,3277.7940000000003,369.0551635192606,30.95301371451863,26.191011604592685
344,374,5,97.99337265715585,30,80,180,M,2.0,1853.632,3707.264,50.95655378172104,0.48996686328577926,0.1959867453143117
67,381,5,70.25934684447762,36,80,165,F,1.5,1542.643,2313.9645,36.534860359128366,0.3512967342223881,0.14051869368895525
148,54,1,287.2091226097751,40,80,165,F,1.5,1525.323,2287.9845,686.4298030373625,77.54646310463927,40.20927716536851
276,302,0,251.99689901622784,50,70,180,F,2.0,1436.0230000000001,2872.0460000000003,327.5959687210962,6.299922475405697,0.7559906970486835
111,152,4,142.2520472174405,36,75,165,F,2.0,1496.408,2992.816,35.56301180436012,2.560536849913929,0.284504094434881
390,78,3,181.60835831478778,30,90,165,F,2.0,1661.0929999999998,3322.1859999999997,374.11321812846285,39.953838829253314,21.793002997774533
471,59,5,108.50092673500353,25,75,175,F,1.5,1575.018,2362.527,56.420481902201836,0.5425046336750177,0.21700185347000706
305,227,1,227.04045628785065,40,90,175,F,2.0,1648.773,3297.546,542.6266905279631,61.300923197719676,31.785663880299094
104,176,11,280.335524963245,40,60,165,F,1.5,1340.383,2010.5745000000002,386.8630244492781,12.615098623346025,5.6067104992649
164,487,5,260.779420743924,50,70,175,F,1.75,1420.533,2485.93275,135.60529878684048,1.30389710371962,0.521558841487848
115,220,2,204.16282941775157,50,75,170,F,1.5,1451.2779999999998,2176.9169999999995,157.20537865166872,4.083256588355032,0.20416282941775157
228,208,2,296.81759998583755,30,60,180,F,1.5,1430.1529999999998,2145.2294999999995,228.5495519890949,5.936351999716751,0.29681759998583757
412,73,11,241.6921271722756,30,80,175,F,2.0,1599.603,3199.206,333.5351354977403,10.876145722752401,4.833842543445512
98,287,4,98.21327164137028,25,75,180,F,1.5,1590.5079999999998,2385.7619999999997,24.55331791034257,1.7678388895446653,0.19642654328274056
451,391,7,253.7534449514527,40,60,155,F,1.2,1309.403,1571.2836,634.3836123786318,65.9758956873777,38.063016742717906
404,350,8,130.95206516513366,50,70,180,F,1.5,1436.0230000000001,2154.0345,54.99986736935614,4.452370215614545,1.3095206516513367
478,479,2,190.28506033762494,50,60,175,M,2.0,1448.1570000000002,2896.3140000000003,146.5194964599712,3.8057012067524987,0.19028506033762493
162,363,9,54.6235338075693,25,70,165,M,1.5,1676.0620000000001,2514.0930000000003,144.75236459005865,4.916118042681237,1.7479530818422178
425,429,8,93.98269879319452,40,70,165,F,1.75,1432.8529999999998,2507.49275,39.472733493141696,3.1954117589686137,0.9398269879319452
276,272,6,273.6962987425163,40,80,170,F,1.2,1540.8129999999999,1848.9755999999998,424.22926305090033,35.58051883652712,30.106592861676795
411,399,8,223.32227815994136,30,60,170,F,1.2,1399.1729999999998,1679.0075999999997,93.79535682717537,7.592957457438007,2.2332227815994137
262,288,0,53.56816150092898,50,60,180,M,1.5,1472.152,2208.228,69.63860995120767,1.3392040375232246,0.16070448450278693
337,55,2,120.31263192880932,36,80,155,F,1.5,1511.663,2267.4945,92.64072658518319,2.4062526385761864,0.12031263192880932
138,334,1,272.46262628623424,50,75,175,F,1.2,1466.768,1760.1216,651.1856768240999,73.56490909728325,38.144767680072796
240,392,1,249.01488975671,25,60,170,M,1.5,1566.0870000000002,2349.1305,595.1455865185369,67.2340202343117,34.862084565939405
181,140,5,116.41635710396187,40,70,175,F,1.75,1463.8329999999999,2561.7077499999996,60.536505694060175,0.5820817855198094,0.23283271420792376
462,211,1,204.21471565045292,50,75,170,M,1.2,1625.1170000000002,1950.1404000000002,488.07317040458247,55.13797322562229,28.59006019106341
141,428,3,240.72240647230876,50,70,180,M,1.5,1606.1220000000003,2409.1830000000004,495.88815733295604,52.958929423907925,28.88668877667705
419,293,3,218.46416626164654,50,75,170,F,1.5,1451.2779999999998,2176.9169999999995,450.0361824989919,48.062116577562236,26.215699951397585
92,464,1,156.50590035757895,40,80,175,F,1.2,1556.303,1867.5636,374.0491018546137,42.25659309654632,21.910826050061054
496,489,4,114.22928578341394,25,90,165,F,1.5,1682.743,2524.1144999999997,28.557321445853486,2.0561271441014513,0.2284585715668279
199,292,7,66.2145560950378,36,80,175,F,1.2,1573.623,1888.3476,165.5363902375945,17.21578458470983,9.93218341425567
100,153,5,299.9238280031325,40,70,170,M,1.75,1614.902,2826.0785,155.96039056162888,1.4996191400156624,0.599847656006265
175,378,6,149.7960849748147,40,60,155,F,1.5,1309.403,1964.1045,232.1839317109628,19.47349104672591,16.47756934722962
124,225,7,124.53511461902526,40,90,170,M,1.75,1882.842,3294.9735,311.33778654756316,32.37912980094657,18.68026719285379
411,251,11,231.78004808463265,50,70,155,F,1.2,1358.573,1630.2876,319.856466356793,10.430102163808469,4.635600961692653
302,262,9,166.3371995658863,40,75,155,F,1.75,1448.108,2534.189,440.79357884959865,14.970347960929766,5.322790386108362
106,497,5,289.56912260226636,40,75,170,M,1.5,1681.8870000000002,2522.8305,150.5759437531785,1.4478456130113317,0.5791382452045327
213,358,6,264.20472894832074,40,75,165,M,1.5,1657.892,2486.838,409.51732986989714,34.3466147632817,29.062520184315282
287,92,1,245.2346272971986,36,60,165,F,1.5,1357.703,2036.5545,586.1107592403047,66.21334937024363,34.33284782160781
381,447,0,146.31367211404202,30,80,155,M,1.5,1733.6570000000002,2600.4855000000002,190.20777374825462,3.657841802851051,0.43894101634212607
135,374,6,233.36389227586486,40,80,170,M,1.75,1748.8720000000003,3060.5260000000007,361.7140330275905,30.337305995862433,25.670028150345136
98,356,9,260.105760329353,36,75,180,F,2.0,1542.8779999999997,3085.7559999999994,689.2802648727854,23.40951842964177,8.323384330539296
77,394,8,102.87773627901393,40,75,180,F,1.2,1525.5579999999998,1830.6695999999997,43.20864923718585,3.497843033486474,1.0287773627901393
176,182,11,222.5528178198503,50,60,165,F,1.75,1297.083,2269.89525,307.1228885913934,10.014876801893264,4.4510563563970065
295,164,0,269.17228797032067,25,80,180,F,1.5,1636.743,2455.1144999999997,349.92397436141687,6.729307199258017,0.807516863910962
69,288,8,65.26182614492069,40,90,170,F,1.5,1633.2830000000001,2449.9245,27.409966980866688,2.2189020889273037,0.6526182614492069
415,463,1,194.58013003268778,36,90,155,M,1.2,1833.565,2200.278,465.04651077812383,52.536635108825706,27.241218204576292
263,296,9,292.58990537630893,40,80,170,M,1.5,1748.8720000000003,2623.3080000000004,775.3632492472186,26.333091483867804,9.362876972041887
339,126,5,166.65646117793187,50,90,180,F,1.2,1620.9630000000002,1945.1556,86.66135981252458,0.8332823058896593,0.33331292235586374
242,60,6,54.41918085288751,36,60,175,M,1.2,1527.635,1833.162,84.34973032197564,7.074493510875376,5.986109893817626
406,370,0,63.28854528820675,36,75,155,F,2.0,1465.4279999999999,2930.8559999999998,82.27510887466877,1.5822136322051688,0.18986563586462024
452,64,4,160.95639724894247,25,75,180,F,1.5,1590.5079999999998,2385.7619999999997,40.239099312235616,2.8972151504809647,0.32191279449788496
256,304,6,146.14578109348156,50,75,165,M,2.0,1601.122,3202.244,226.5259606948964,18.998951542152604,16.076035920282973
286,305,3,286.72640736114624,36,70,165,M,1.5,1613.615,2420.4225,590.6563991639613,63.07980961945217,34.40716888333755
325,139,8,222.98880877834154,40,70,180,M,2.0,1662.8920000000003,3325.7840000000006,93.65529968690345,7.5816194984636125,2.2298880877834155
479,320,10,152.06496045256551,36,70,155,M,2.0,1565.625,3131.25,611.3011410193133,38.01624011314138,50.18143694934662
99,375,6,158.03527291079467,25,60,175,M,1.5,1590.082,2385.123,244.95467301173176,20.54458547840331,17.383880020187416
114,424,3,58.32560951287592,30,75,165,M,2.0,1714.662,3429.324,120.1507555965244,12.831634092832703,6.99907314154511
362,449,4,256.7783252492969,30,60,155,F,1.75,1352.703,2367.23025,64.19458131232423,4.622009854487345,0.5135566504985939
322,169,9,119.83287148199186,50,75,170,F,1.2,1451.2779999999998,1741.5335999999998,317.5571094272784,10.784958433379266,3.8346518874237394
114,113,5,275.2386284416175,36,80,165,M,1.2,1747.585,2097.102,143.1240867896411,1.3761931422080875,0.550477256883235
346,82,6,273.03450056834816,25,90,170,F,1.2,1698.2330000000002,2037.8796000000002,423.20347588093966,35.494485073885265,30.033795062518298
326,363,10,282.4170945482492,25,90,170,F,1.5,1698.2330000000002,2547.3495000000003,1135.3167200839619,70.6042736370623,93.19764120092225
193,352,7,115.31825892153667,30,60,165,M,2.0,1513.707,3027.414,288.2956473038417,29.982747319599536,17.2977388382305
239,427,2,171.26117596602205,50,75,180,F,1.5,1482.2579999999998,2223.3869999999997,131.87110549383698,3.4252235193204412,0.17126117596602206
498,431,1,135.57103622580405,30,75,175,F,1.5,1553.368,2330.0519999999997,324.0147765796717,36.604179780967094,18.97994507161257
410,201,4,57.95369153980147,40,70,165,M,1.2,1590.9070000000002,1909.0884,14.488422884950367,1.0431664477164266,0.11590738307960294
203,367,9,189.7305056054326,50,60,175,F,1.5,1328.063,1992.0945000000002,502.7858398543964,17.075745504488932,6.071376179373844
303,152,3,292.7471110982957,50,60,170,F,1.2,1312.5729999999999,1575.0875999999998,603.0590488624891,64.40436444162505,35.12965333179548
279,349,11,151.32582259654177,30,70,180,M,1.75,1719.6620000000003,3009.4085000000005,208.82963518322762,6.8096620168443796,3.0265164519308354
162,214,9,135.1670012510687,25,70,170,F,1.2,1513.2930000000001,1815.9516,358.1925533153321,12.165030112596183,4.3253440400341985
319,195,11,120.55752489646744,25,75,165,M,2.0,1743.047,3486.094,166.36938435712506,5.425088620341034,2.411150497929349
301,215,9,185.74243896249297,36,90,175,M,1.2,1929.5450000000003,2315.454,492.21746325060633,16.71681950662437,5.9437580467997755
336,174,3,281.5550700400754,40,60,165,M,1.5,1456.9370000000001,2185.4055000000003,580.0034442825554,61.94211540881659,33.786608404809044
461,55,5,267.7838145705866,30,75,175,M,2.0,1762.652,3525.304,139.24758357670504,1.3389190728529332,0.5355676291411733
94,364,7,113.98047884259722,25,90,175,M,1.75,1991.9920000000004,3485.986000000001,284.95119710649305,29.63492449907528,17.097071826389584
442,113,2,226.89372364967986,50,60,170,F,2.0,1312.5729999999999,2625.1459999999997,174.7081672102535,4.537874472993598,0.22689372364967986
